{
  "articulos": [
    {
      "id": "1",
      "urls": "d6db3e4b",
      "fecha": "30 de Junio 2021",
      "titulo": "Far Cry 3",
      "nombre": "Far Cry 3",
      "cover": "https://i.imgur.com/yp26E6f.jpg",
      "banner": "https://i.imgur.com/bBV9ELk.png",
      "desarrolladora": "Ubisoft Montreal, Ubisoft Massive",
      "trailer": "J6gnOVJsCsM",
      "version": "ElAmigos",
      "peso": "7.15 GB",
      "generos": "accion,aventura,disparos en primera persona",
      "tags": "Far Cry 3, @lokuedo5000",
      "minimos": "Sistema Operativo:Windows XP, Windows Vista y Windows 7\nProcesador:Intel Core 2 Duo E6700 @ 2.6 GHz ó AMD Athlon64 X2 6000+ @ 3.0Ghz ó superior\nMemoria:4 GB RAM\nTarjeta gráfica:512MB Video RAM (1GB Video RAM), DirectX9c (DirectX11) Shader Model 3.0 (Shader Model 5.0)\nDirectX :9.0c\nDisco duro:15 GB HD space\nSound:DirectX Compatible (Recomendados Surround Sound 5.1 capable)\nOther Requirements:Conexión a Internet de banda ancha",
      "recomendados": "Memoria:4 GB RAM\nTarjeta gráfica:512MB Video RAM (1GB Video RAM), DirectX9c (DirectX11) Shader Model 3.0 (Shader Model 5.0)\nDirectX :11\nDisco duro:15 GB HD space\nSound:DirectX Compatible (Recomendados Surround Sound 5.1 capable)\nOther Requirements:Conexión a Internet de banda ancha",
      "dcp": "El juego comienza con una cinemática mostrando al protagonista Jason Brody de vacaciones con sus amigos en Bangkok, donde deciden hacer un viaje de paracaidismo. El grupo aterriza en una isla infestada de piratas y son hechos prisioneros por su líder, Vaas Montenegro. Vaas planea extorsionar el dinero de rescate de sus padres, para luego venderlos como esclavos. Con la ayuda de su hermano mayor Grant, Jason sale de su cautiverio. Sin embargo, Grant muere junto con uno de los amigos de Jason, Vincent Salas, durante el escape. Jason es rescatado por un hombre llamado Dennis, quien forma parte de los Rakyat, los nativos de la isla Rook que sufren debido a las actividades de los piratas. Dennis reconoce el potencial de Jason como un guerrero, y le da tatuajes especiales (tatau) que le permiten acceder a sus habilidades. Impresionados con la destreza de Jason, los Rakyat le permiten ser el primer extranjero que entra a su templo sagrado, y su líder Citra (hermana de Vaas) lo inicia en la tribu. Él ejecuta una serie de misiones en las que rescata a sus amigos uno por uno (con exclusión de la novia de Grant, Daisy, quien se descubre que también escapó), mientras que al mismo tiempo ayuda a los nativos a retomar su isla, ayudado algunos veces por el Dr. Earnhardt, un hombre experto en fungi, diversos remedios naturales y drogas. A lo largo de la aventura, Jason madura en un temible guerrero y es venerado por los Rakyat, a pesar que sus viejos amigos se ven perturbados por su transformación en asesino, sobre todo cuando contempla su estancia en la isla de forma permanente para quedarse con Citra."
    },
    {
      "id": "2",
      "urls": "2e29947a",
      "fecha": "30 de Junio 2021",
      "titulo": "Forager",
      "nombre": "Forager",
      "cover": "https://i.imgur.com/nfTdcyX.jpg",
      "banner": "https://i.imgur.com/fOD5dOG.jpg",
      "desarrolladora": "HopFrog, HopFrog SA.",
      "trailer": "ruT-wjtKBNo",
      "version": "Codex",
      "peso": "121.26 MB",
      "generos": "aventura,survival",
      "tags": "Forager, @lokuedo5000",
      "minimos": "SO: Windows XP y above\nProcesador: 1.2Ghz\nMemoria: 1024 MB de RAM\nGráficos: 512MB\nAlmacenamiento: 200 MB de espacio disponible",
      "recomendados": "Desconocidos.",
      "dcp": "Forager combina la mecánica que se ve comúnmente en los juegos inactivos con la de un juego de aventura o exploración. [2] Con recursos que reaparecen a un ritmo muy alto, el jugador podrá recolectar cantidades masivas para la elaboración y nivelación, lo que eventualmente conducirá a sistemas automatizados para recolectar recursos y producir otros productos y bienes. El sistema de nivelación del juego consiste en una gran cuadrícula de ventajas desbloqueables, que también pueden desbloquear nuevas herramientas u objetos fabricables. Todo lo que hace el jugador, desde recolectar recursos hasta crear objetos y matar enemigos, tiene un impacto positivo en su XP que se usa para avanzar de nivel. El jugador puede simular una variedad de tareas relacionadas con la cocina, la economía, la ingeniería, la agricultura, la pesca, la caza, la magia, la fabricación, la minería y más. Al obtener dinero a través de la elaboración, las habilidades, el saqueo y las tareas económicas, el jugador puede comprar más tierras para expandir su base, explorar nuevas áreas y obtener nuevas clases de recursos o encontrar nuevos enemigos y otros NPC."
    },
    {
      "id": "3",
      "urls": "3b4cc23a",
      "fecha": "30 de Junio 2021",
      "titulo": "Max Payne 1",
      "nombre": "Max Payne",
      "cover": "https://i.imgur.com/7Xl3QsE.png",
      "banner": "https://i.imgur.com/275h2GF.jpg",
      "desarrolladora": "Remedy Entertainment",
      "trailer": "9N48pEhgqAk",
      "version": "ElAmigos",
      "peso": "1.49 GB",
      "generos": "accion,disparos",
      "tags": "Max Payne 1, @lokuedo5000",
      "minimos": "SO: Microsoft® Windows® 2000 / XP (sólo)\nProcesador: AMD / Intel a 450 MHz\nMemoria: 96 MB de RAM (128 MB de RAM o más recomendados)\nGráficos: Tarjeta gráfica con 16 MB y compatible con Direct3D\nVersión de DirectX: DirectX 8.0\nDisco Duro: 830 MB de espacio libre para la instalación completa, 530 MB para la instalación mínima\nSonido: Dispositivo de sonido compatible con DirectSound",
      "recomendados": "Desconocidos.",
      "dcp": "El juego comienza a inicios de 2001, en Nueva York, en la peor tormenta de nieve en la historia de la ciudad. En la secuencia introductoria, Max Payne, un agente de la DEA y ex-agente de la policía de Nueva York, de pie en la parte superior de un edificio mientras la policía va hacia él (el juego empieza en una cinemática del final), Max experimenta un recuerdo de hace tres años, volviendo a 1998. Max regresaba a su hogar durante un día normal de trabajo, pero mientras entraba en su casa oyó a su esposa Michelle gritando su nombre desde el piso de arriba con tono de desesperación. Cuando Payne llega al lugar, se encuentra a ella y a su bebé Rose asesinadas a manos de unos adictos a la droga de diseño Valkyr, a los que termina eliminando. Preso del dolor de su reciente pérdida, decide investigar quien está detrás de este terrible acto inhumano."
    },
    {
      "id": "4",
      "urls": "f4dfda92",
      "fecha": "30 de Junio 2021",
      "titulo": "Far Cry 1",
      "nombre": "Far Cry 1",
      "cover": "https://i.imgur.com/MjptUre.jpg",
      "banner": "https://i.imgur.com/vhIjENu.jpg",
      "desarrolladora": "Crytek, Ubisoft Montreal, Ubisoft Toronto",
      "trailer": "NeyY5P35ARs",
      "version": "All",
      "peso": "3.71 GB",
      "generos": "accion,aventura,disparos en primera persona",
      "tags": "Far Cry 1, @lokuedo5000",
      "minimos": "SO: Windows 2000 / XP (sólo)\nProcesador: AMD Athlon a 1 GHz o Pentium III a 1 GHz\nMemoria: 256 MB de RAM\nGráficos: Gráfica con 64 MB y compatible con DirectX 9.0b (ver lista de soportadas*)\nSonido: Dispositivo de sonido PCI compatible con DirectX 9.0b (familia Sound Blaster Audigy recomendada)\nDirectX: DirectX 9.0b o posterior\nDisco Duro: 4 GB de espacio libre",
      "recomendados": "SO: Windows 2000 / XP (sólo)\nProcesador: AMD Athlon a 2 - 3 GHz o Pentium 4 a 2 - 3 GHz\nMemoria: 512 MB - 1 GB de RAM\nSonido: Familia Sound Blaster Audigy (ver lista de soportados*)\nGráficos: Desde GeForce 4 con 128 MB, GeForce FX 5950 con 128 MB / ATI Radeon 9500-9800 XT",
      "dcp": "Un tranquilo paseo por las islas de Micronesia. Adornada por sus preciosos paisajes y por los vehículos y fortificaciones abandonados por los japoneses tras su derrota en la Segunda Guerra Mundial. Ese paseo supuestamente se trataba de una exploración de los antiguos restos de las fortificaciones y cadáveres de soldados japoneses. Valerie Constantine es nuestra exploradora, que no solo se quedó impactada por las construcciones derruidas y objetos oxidados sino por algo totalmente diferente que sucedía en esa isla. Valerie resulta ser una espía e intenta averiguar qué sucede en esa isla. Por casualidad se encuentra a Jack Carver, un soldado de élite que se ha retirado, para vivir tranquilamente en una zona de la Micronesia (Pacífico del Sur) y cuyo trabajo es alquilar botes. Entonces Valerine no solo alquila el bote sino que también le contrata para explorar una isla de la región. El Yate &quot;MEDUSA&quot; está listo y preparado para salir llega a alcanzar la isla que Valerine deseaba explorar, ella salió a pasear con una moto de agua para acercarse y observar. La gran cantidad de mercenarios y fuerzas especiales en las orillas eran para que protegieran la isla de cualquier intruso, además era tomado como una orden de los altos mandos: &quot;Si ven Actividad Sospechosa Actúen&quot; y por eso al acercarse son atacados desde la isla con un lanzacohetes, cuyo cohete impacta en el lado derecho del barco, haciendo que este vuele por los aires. Jack cae al agua y ve que en la isla en la que se encontraba habían algunas especies de monstruos en la isla(que ya hablaremos de ellos más adelante),entonces dirigiéndose a una cueva que sirvió como búnker para los japoneses y casi fue alcanzado por una granada lanzada al agua haciendo que Jack quede atrapado en la cueva. Allí comienza la aventura en la Isla Infernal donde tiene que sobrevivir. Afortunadamente, al salir se encuentra un radiotransmisor portátil. Harlan Doyle, un científico destacado, contactó a Jack Carver por radio y le ofrece ayuda"
    },
    {
      "id": "5",
      "urls": "7021363e",
      "fecha": "30 de Junio 2021",
      "titulo": "Assassin's Creed Liberation HD",
      "nombre": "Assassin's Creed Liberation HD",
      "cover": "https://i.imgur.com/Omodx7q.jpg",
      "banner": "https://i.imgur.com/pmJgKh2.jpg",
      "desarrolladora": "Ubisoft Sofia, Ubisoft Milan",
      "trailer": "q5RxYUw4DFY",
      "version": "All",
      "peso": "2.11 GB",
      "generos": "accion,aventura",
      "tags": "Assassin's Creed III: Liberation,\nAssassin's Creed Liberation HD,\nAssassins Creed III: Liberation,\nAssassins Creed Liberation HD,\nAssassin's Creed,\nAssassins Creed,\n@lokuedo5000",
      "minimos": "Sistema Operativo: Windows Vista SP2, Windows 7 SP1, Windows 8 / 8.1 (both 32/64bit Versións)\nProcesador: Intel Core i3 2105 @ 3.1 GHz ó AMD Phenom 2 X4 955 @ 3.2GHz\nMemoria: 2 GB RAM\nTarjeta gráfica: Nvidia GeForce 8800GT ó AMD Radeon HD4870 (512MB VRAM & Shader Model 4.0)\nDisco duro: 3500 MB espacio disponible\nTarjeta de sonido: DirectX Compatible Tarjeta de sonido con los últimos drivers",
      "recomendados": "Sistema Operativo: Windows Vista SP2, Windows 7 SP1, Windows 8 / 8.1 (both 32/64bit Versións)\nProcesador: Intel Core i5 2400S @ 2.5 GHz ó AMD FX 4100 @ 3,6 GHz ó superior\nMemoria: 4 GB RAM\nTarjeta gráfica: Nvidia GeForce GTX 570 ó AMD Radeon HD7870 (1250MB VRAM & Shader Model 5.0) ó superior\nDisco duro: 3500 MB espacio disponible\nTarjeta de sonido: DirectX Compatible Tarjeta de sonido con los últimos drivers",
      "dcp": "En la actualidad, Abstergo Entertainment, una subsidiaria de Abstergo que se encarga de producir bienes multimedia, lanza su primer gran producto, Liberation , un videojuego sobre la vida de la Asesina Aveline de Grandpré . El jugador es contactado por el grupo de hackers Erudito mientras juega, y se entera de que se realizó una gran cantidad de censura con respecto a la guerra entre Asesinos y Templarios . El grupo se ofrece a ayudar al jugador a eliminar estos elementos del juego durante su partida.\n\nEl jugador comienza a experimentar la vida de Aveline en 1765, mientras opera en la ciudad de Nueva Orleans desde la mansión de su familia, en la que vive junto a su madrastra, Madeleine de L&#39;Isle. A medida que la ciudad sufre una transición de control de Francia a España cerca del final de la Guerra Francesa e India , Aveline descubre un complot templario para controlar Luisiana durante el período de transición dirigido por el templario Rafael Joaquín de Ferrer. Para contrarrestar esto, asesina a dos hombres que lo ayudan en sus objetivos: el gobernador francés Jean-Jacques Blaise d&#39;Abbadie, como parte de un trato para mantener su puesto en Nueva Orleans, y Baptiste, un desertor de los Asesinos que intenta controlar las operaciones de contrabando en el Bayou alrededor de la ciudad y sacar al mentor de Aveline, el Asesino Agaté, de su escondite. Un año después de estos asesinatos, de Ferrer es enviado a un lugar de trabajo templario en México, mientras que su socio Antonio de Ulloa supervisa Nueva Orleans como su nuevo gobernador español, imponiendo estrictas restricciones comerciales, estableciendo una operación encubierta de comercio de esclavos y permitiendo a los funcionarios franceses para seguir operando en la ciudad."
    },
    {
      "id": "6",
      "urls": "79905fa3",
      "fecha": "30 de Junio 2021",
      "titulo": "Quake 4",
      "nombre": "Quake 4",
      "cover": "https://i.imgur.com/tCnmnF7.jpg",
      "banner": "https://i.imgur.com/PkDCOUV.png",
      "desarrolladora": "Raven Software, ID Software",
      "trailer": "180DHync3n8",
      "version": "LZ0",
      "peso": "2.88 GB",
      "generos": "accion,disparos en primera persona,horror,shooter",
      "tags": "Quake 4, @lokuedo5000",
      "minimos": "SO: Windows XP\nProcesador: Intel Pentium 4 a 2.0 GHz / AMD Athlon XP 2000+ o superior\nMemoria: 512 MB de RAM\nDisco Duro: 2.8 GB de espacio libre sin comprimir (más 400 MB para el archivo de intercambio de Windows )\nGráficos: Aceleradora 3D por hardware con 64 MB de VRAM y 100% compatible con DirectX 9.0c\nSonido: Dispositivo de sonido de 16 bits 100% compatible con DirectX 9.0c y los últimos drivers\nVersión de DirectX : 9.0c",
      "recomendados": "Desconocidos.",
      "dcp": "El modo para un único jugador de Quake 4 continúa la historia desarrollada en Quake II, poniendo al jugador en una guerra contra unos cyborgs extraterrestres conocidos como Stroggs. El juego continúa la historia de un marine llamado Matthew Kane (el primer protagonista con nombre en la saga Quake, aunque se cree que el nombre del marine de Quake 2 es &quot;Bitterman&quot;, ya que es el nombre que aparece en la cápsula en la que llega a &quot;Cerebron&quot; que es miembro de una unidad militar conocida como pelotón Rhino. La misión de los marines es asegurar el planeta Stroggos, mundo natal de los Stroggs, y destruir al nuevo Makkron pero su nave es derribada y aquí es cuando comienza la acción."
    },
    {
      "id": "7",
      "urls": "982479b4",
      "fecha": "30 de Junio 2021",
      "titulo": "Halo Spartan Strike",
      "nombre": "Halo Spartan Strike",
      "cover": "https://i.imgur.com/hMcLBAv.jpg",
      "banner": "https://i.imgur.com/nG13Skb.png",
      "desarrolladora": "343 Industries",
      "trailer": "JyHLn6jb7OA",
      "version": "Codex",
      "peso": "1.04 GB",
      "generos": "accion,disparos,disparos en primera persona,simulador",
      "tags": "Halo Spartan Strike, @lokuedo5000",
      "minimos": "Sistema Operativo: Windows 7, 8 y 8.1\nProcesador: Dual core Procesador\nMemoria: 1 GB RAM\nTarjeta gráfica: DirectX10 compatible Tarjeta gráfica card w/ dedicada 512MB RAM (ATI Radeon 3670, NVIDIA 8600 GT ó Intel HD 3000)\nDirectX: Versión 10\nDisco duro: 2550 MB espacio disponible\nNotas adicionales: ** DirectX feature level 10 required **",
      "recomendados": "Sistema Operativo: Windows 7, 8 y 8.1\nProcesador: Quad core Procesador\nMemoria: 2 GB RAM\nTarjeta gráfica: DirectX10 compatible Tarjeta gráfica card w/ dedicada 1GB RAM\nDirectX: Versión 11\nDisco duro: 2550 MB espacio disponible\nNotas adicionales: ** DirectX feature level 10 required **",
      "dcp": "Halo: Spartan Strike tiene lugar después de los eventos de Halo 4. El personaje del jugador es un súper soldado Spartan IV que lidera las fuerzas de la UNSC contra el nuevo Covenant y los Prometeos, enemigos dentro de una simulación de combate durante los eventos de Halo 2 en Nueva Mombasa, Kenia, como en Halo 3: ODST​ Después de la primera campaña, el jugador va a Gamma Halo para impedir que las fuerzas de nuevo Covenant activen un dispositivo conocido como el conducto, pero fallan, pudiendo agarrar el dispositivo. Luego, el jugador lleva el Conducto a una ciudad atacada por Prometeos y detiene la batalla."
    },
    {
      "id": "8",
      "urls": "297e91a5",
      "fecha": "30 de Junio 2021",
      "titulo": "Far Cry 2",
      "nombre": "Far Cry 2",
      "cover": "https://i.imgur.com/sksFPLu.jpg",
      "banner": "https://i.imgur.com/qBNITM2.jpg",
      "desarrolladora": "Ubisoft Montreal",
      "trailer": "m-7m4vtn-eM",
      "version": "All",
      "peso": "3.93 GB",
      "generos": "accion,aventura,disparos en primera persona",
      "tags": "Far Cry 2, @lokuedo5000",
      "minimos": "SO: Microsoft Windows XP o Windows Vista (soportadas Versiónes de 64 bits)\nProcesador: Pentium 4 a 3.2 Ghz, Pentium D a 2.66 Ghz, AMD Athlon 64 3500+ o superior\nMemoria: 1 GB de RAM\nGráficos: nVidia 6800 / ATI X1650 o superior con 256 MB y con soporte para Shader Model 3.0*\nDisco Duro: 3.5 GB de espacio",
      "recomendados": "Procesador: Familia Intel Core 2 Duo, AMD 64 X2 5200+, AMD Phenom o superior\nMemoria: 2 GB de RAM\nGráficos: nVidia 8600 GTS o superior, ATI X1900 o mejor con 512 MB de VRAM*\nSonido: Recomendado dispositivo de sonido 5.1",
      "dcp": "Far Cry 2 toma lugar en un pequeño estado del África Central, sumido en una guerra civil. El gobierno ha colapsado recientemente, dejando a dos facciones con el control: la UFLL, United Front of Liberation, dirigida por Addi Mbantuwe, líder de la oposición; y la APR, Alliance for Popular Resistance, dirigida por Oliver Tambossa. Ambas facciones están clamando por los intereses de los habitantes, pero ambas han mostrado su falta de compasión, hostilidad, codicia, y una indiferencia general por el bienestar de la gente. Ambas facciones han contratado algunos mercenarios para reforzar su poder durante el conflicto. El agotamiento reciente de las minas de diamante de la nación ha sumido al país en un gran desorden, dejando a algunos mercenarios sin una paga y sin salida del lugar.\n\nEl jugador asume el papel de un mercenario, que llega a dicho estado con la misión de eliminar al Chacal, un vendedor de armas que ha estado vendiendo armas a las dos facciones enfrascadas en el conflicto. El jugador debe lograr su objetivo haciendo lo que sea necesario, aunque haya sucumbido a la inmoralidad de las facciones en conflicto y al mismo Chacal. El jugador, afectado por la malaria, debe realizar una serie de misiones para ambas facciones individualmente y en ocasiones respaldado por colegas. A lo largo del camino se descubrirán complots y el jugador tendrá que sobrevivir a las continuas guerras y emboscadas."
    },
    {
      "id": "9",
      "urls": "bcff33ba",
      "titulo": "Life Is Strange Complete First Season",
      "nombre": "Life Is Strange Complete First Season",
      "desarrolladora": "Dontnod Entertainment",
      "cover": "https://i.imgur.com/RPcmtI7.jpg",
      "banner": "https://i.imgur.com/46qcuP7.png",
      "tags": "Life Is Strange Complete First Season, Life is Strange Episodio 1, @lokuedo5000",
      "generos": "aventura,aventura grafica,pelicula interactiva,point and click",
      "version": "Codex",
      "peso": "~12 GB",
      "trailer": "AURVxvIZrmU",
      "dcp": "Life Is Strange ocurre en la ciudad ficticia de Arcadia Bay, en Oregon, desde la perspectiva de Maxine Caulfield (Hannah Telle), estudiante de duodécimo grado de la academia de Blackwell, durante la semana del 7 de octubre de 2013. Durante clase de la fotografía con el Profesor Mark Jefferson (Derek Phillips), Max experimenta una visión de un faro que es destruido por un tornado. Dirigiéndose al baño para aclarar su mente, ve cómo un compañero de clase, Nathan Prescott (Nik Shriner), amenaza con una pistola a una chica, Chloe Price (Ashly Burch), y la asesina accidentalmente. Ante tal situación y presa del pánico, Max descubre que tiene la capacidad de rebobinar el tiempo, y gracias a ello regresa al momento en el que Nathan y Chloe comienzan a discutir, evitando así su muerte. Tras lo ocurrido, ambas chicas descubren que, a pesar de no haberse reconocido por sus cambios físicos, son mejores amigas de la infancia, por lo que deciden retomar el contacto y la amistad. Las dos se reúnen y van a dar un paseo por el faro, donde Max cuenta a Chloe su capacidad para viajar en el tiempo y la visión que tuvo en la clase de fotografía, deduciendo que el tornado no es algo pasado, sino una premonición: una tormenta se acerca a la ciudad.",
      "minimos": "SO: Windows Vista\nProcesador: Dual Core 2.0GHz or equivalent\nMemoria: 2 GB de RAM\nGráficos: ATI or NVidia card w/ 512 MB RAM (not recommended for Intel HD Graphics cards)\nDirectX: Versión 9.0\nDisco: 15 GB libres.",
      "recomendados": "SO: Windows 7\nProcesador: Dual Core 3.0GHz or equivalent\nMemoria: 2 GB de RAM\nGráficos: ATI or NVidia card w/ 1024 MB RAM (NVIDIA GeForce GTX 260 or ATI HD 4890)\nDirectX: Versión 9.0\nDisco: 15 GB libres."
    },
    {
      "id": "10",
      "urls": "82dc9947",
      "fecha": "30 de Junio 2021",
      "titulo": "SpongeBob SquarePants Battle for Bikini Bottom Rehydrated",
      "nombre": "SpongeBob SquarePants Battle for Bikini Bottom Rehydrated",
      "cover": "https://i.imgur.com/6yxGujH.jpg",
      "banner": "https://i.imgur.com/0ZRdJiY.jpg",
      "desarrolladora": "Purple Lamp Studios",
      "trailer": "q3sX703lW_w",
      "version": "Codex",
      "peso": "6.07 GB",
      "generos": "accion,aventura,plataformas",
      "tags": "SpongeBob SquarePants Battle for Bikini Bottom Rehydrated, @lokuedo5000",
      "minimos": "OS: Windows 10 (64bit)\nProcessor: AMD / Intel CPU running at 2.8 GHz or higher (AMD Phenom II X4 925 or Intel i3-4130 or newer are recommended)\nMemory: 4 GB RAM\nGraphics: AMD/NVIDIA 2GB of dedicated VRAM and with at least DirectX 11 and Shader Model 5.1 support: AMD Radeon HD 7870 or NVIDIA GeForce GTX 760\nDirectX: Version 11\nDisco: 8 GB libres.",
      "recomendados": "OS: Windows 10 (64bit)\nProcessor: AMD / Intel processor running at 3.5 GHz or higher (AMD FX-6300 series or Intel Core i3-8100 or newer is recommended).\nMemory: 8 GB RAM\nGraphics: AMD/NVIDIA 4GB of dedicated VRAM and with at least DirectX 11 and Shader Model 5.1 support: NVIDIA GeForce GTX 1050 Ti or AMD Radeon R9\nDirectX: Version 11\nDisco: 8 GB libres.",
      "dcp": "El juego implica recoger elementos y derrotando los robots qué tiene atacado varias áreas en Fondo de Bikini, mientras cruzando plataformas y evitando medioambientales hazards como espigas y llamas. Algunas áreas requieren caracteres diferentes para batir, cuando cada carácter tiene sus capacidades únicas propias. El jugador puede controlar a Bob Esponja, Patricio y Arenita. Cambiando los caracteres requiere el jugador para encontrar una Parada de autobús, a utilizar cuál el carácter actual cambiará a otro, y utilizándolo otra vez cambiará atrás al carácter anterior, dando el jugador una opción de dos caracteres en cada nivel. El default el carácter durante el juego es SpongeBob; Sandy y Patrick no comparten cualesquier niveles como playable caracteres."
    },
    {
      "id": "11",
      "urls": "93261292",
      "fecha": "30 de Junio 2021",
      "titulo": "Deadpool",
      "nombre": "Deadpool",
      "cover": "https://i.imgur.com/ee7okRH.jpg",
      "banner": "https://i.imgur.com/B3U44XB.jpg",
      "desarrolladora": "High Moon Studios",
      "trailer": "rJ0CtZZhkxM",
      "version": "FLT",
      "peso": "6.23 GB",
      "generos": "accion,disparos en primera persona",
      "tags": "Deadpool, @lokuedo5000",
      "minimos": "Sistema operativo: Windows 8, Windows 7, Windows Vista, Windows XP\nProcesador: Intel Core 2 Duo E8200 2.66 GHz o AMD Phenom X3 8750\nMemoria: 2 GB de RAM\nTarjeta gráfica: GeForce 8800 GT series con 512 MB de RAM o ATI Radeon HD4850 con 512MB de RAM\nDirectX: 9.0c\nDisco duro: 7 GB de espacio libre\nSonido: DirectX 9.0c o superior",
      "recomendados": "Desconocidos.",
      "dcp": "Cuando High Moon Studios rechaza la propuesta de Deadpool para &quot;el juego más asombroso&quot; protagonizado por él mismo, lanza explosivos en el estudio, lo que los obliga a cooperar. Incluso contrata a Nolan North como su actor de voz. Se le entrega el guión del juego; Deadpool lo encuentra aburrido y lo dibuja con un crayón rojo. Siguiendo las primeras líneas del guión, Deadpool se propone asesinar al magnate corrupto de los medios Chance White. Deadpool irrumpe en la sede de medios de White, masacrando a sus guardias antes de enfrentarse a él y a White por la ventana del ático de este último y en las alcantarillas (arruinando el presupuesto del juego en el proceso al repetir los eventos por diversión). Sin embargo, White escapa con los Merodeadores , lo que obliga a Deadpool a perseguirlo. En el camino, experimenta el primero de muchos fallos (el resultado de que Deadpool arruina el presupuesto del juego) y se ve obligado a llamar a High Moon varias veces para coaccionarlos / sobornarlos para que terminen el juego. Después de matar al miembro de Marauders, Arclight , Deadpool encuentra a White reuniéndose con Mister Sinister , quien tiene BlockbusterMátalo una vez informado de que los satélites del magnate están bajo su control. Enojado por perder su recompensa, Deadpool mata a Vértigo , noquea a Blockbuster y se enfrenta al Sr. Siniestro, quien sin esfuerzo lo reduce a una cabeza incorpórea antes de irse con Blockbuster."
    },
    {
      "id": "12",
      "urls": "4ed88d80",
      "titulo": "Bendy and the ink machine",
      "nombre": "Bendy and the ink machine",
      "desarrolladora": "Joey Drew Studios Inc.",
      "cover": "https://i.imgur.com/biIx9lf.jpg",
      "banner": "https://i.imgur.com/EnI9hNX.jpg",
      "tags": "Bendy and the ink machine, @lokuedo5000",
      "generos": "horror,survival",
      "version": "PLAZA",
      "peso": "2.18 GB",
      "trailer": "SI6GB5e61a0",
      "dcp": "Bendy and the Ink Machine es un juego de terror y supervivencia que utiliza una combinación de resolución de rompecabezas, exploración del entorno y combate para ayudar a Henry en su viaje a través del estudio de animación. Los jugadores exploran a través de una vista en primera persona y tienen acciones físicas limitadas, como correr y saltar. Se pueden recopilar diferentes elementos, algunos de los cuales son requeridos para realizar diversas tareas antes de continuar. Latas de sopa de tocino (una referencia al creador del juego, TheMeatly, y su compañero, Mike Mood) también pueden ser recogidas tanto para desbloquear logros como para restaurar la salud de Henry si es lesionado.",
      "minimos": "SO: 8\nProcesador: 32\nMemoria: 4 GB de RAM\nDirectX: Versión 10\nAlmacenamiento: 500 MB de espacio disponible",
      "recomendados": "Desconocidos."
    },
    {
      "id": "13",
      "urls": "dfe488b5",
      "fecha": "30 de Junio 2021",
      "titulo": "Firewatch",
      "nombre": "Firewatch",
      "cover": "https://i.imgur.com/PSUH1ah.jpg",
      "banner": "https://i.imgur.com/bt52XUb.jpg",
      "desarrolladora": "Campo Santo",
      "trailer": "d02lhvvVSy8",
      "version": "Codex",
      "peso": "1.79 GB",
      "generos": "aventura,misterio",
      "tags": "Firewatch, @lokuedo5000",
      "minimos": "SO: Windows 7 ó superior 64bit.\nProcesador: Intel Core i3 2.00 GHz ó AMD equivalent.\nMemoria: 6 GB de RAM.\nGráficos: NVIDIA GeForce 450 ó superior con 1GB Memoria.\nDirectX: Versión 11.\nAlmacenamiento: 4 GB de espacio disponible.",
      "recomendados": "Desconocidos.",
      "dcp": "En 1989, después del incendio de Yellowstone de 1988, Henry toma un trabajo como un puesto de vigilancia de Bosque Nacional Shoshone, después de que su esposa Julia desarrolla alzheimer de inicio temprano. El primer día, su supervisora Delilah lo contacta a través de walkie-talkie y le pide que investigue los fuegos artificiales ilegales en un lago cercano. Allí él detecta a muchachas adolescentes nadando desnudas, que lo acusan de &quot;viejo mirón pervertido&quot;. En su camino de regreso, encuentra una cueva cerrada (Cueva 452) y ve una figura envuelta. Henry descubre que su torre de vigilancia ha sido saqueada cuando llega. Al día siguiente, Delilah lo envía a una línea de comunicación derribada. Se encuentra un cable cortado, junto con un mensaje de las chicas. Él y Delilah planean asustarlas, pero Henry encuentra su campamento abandonado y desgarrado."
    },
    {
      "id": "14",
      "urls": "a0964b0b",
      "titulo": "Crashday Redline Edition",
      "nombre": "Crashday Redline Edition",
      "desarrolladora": "Replay Studios, Moonbyte Games",
      "cover": "https://i.imgur.com/yMa7TKi.jpg",
      "banner": "https://i.imgur.com/Rhl8288.png",
      "tags": "Crashday Redline Edition, @lokuedo5000",
      "generos": "arcade,conduccion",
      "version": "TiNYiSO",
      "peso": "560 MB",
      "trailer": "9zDjYZWA44Y",
      "dcp": "Crashday es un juego de carreras orientado a la acción en el que la conducción limpia de las carreras está en segundo plano. Más bien, se trata de la destrucción de vehículos. Para este propósito, varias armas como Ametralladora Gatling y Lanzacohetes múltiple están disponibles para los pilotos. El segundo elemento central es el tuning de los vehículos. El jugador puede mejorar significativamente su vehículo en términos de apariencia, rendimiento y blindaje. Las carreras se realizan en una variedad de rutas, no solo hay arenas de varios tamaños, sino también caminos rurales, áreas urbanas o colinas.\n\nHead-up Display muestra un velocímetro, un informe de daños que se vuelve rojo al aumentar el daño al vehículo del jugador, un mapa que muestra el propio vehículo y los vehículos opuestos, y una lista de los conductores que participan en la carrera actual su posición o sus puntos.\n\nEl jugador tiene un editor de pistas disponible, con el que puede diseñar nuevas rutas. Para este propósito, tiene un cierto número de bloques de construcción disponibles, que puede colocar arbitrariamente.",
      "minimos": "SO: Windows 7 32bit ó posterior\nProcesador: Intel Core 2 Duo E6600\nMemoria: 1 GB de RAM\nGráficos: NVIDIA GeForce 8800 GT\nDirectX: Versión 9.0c\nAlmacenamiento: 400 MB de espacio disponible",
      "recomendados": "Desconocidos."
    },
    {
      "id": "15",
      "urls": "d6d36e4b",
      "titulo": "Halo Spartan Assault",
      "nombre": "Halo Spartan Assault",
      "desarrolladora": "343 Industries",
      "cover": "https://i.imgur.com/q6NvJ8X.jpg",
      "banner": "https://i.imgur.com/q6NvJ8X.jpg",
      "tags": "Halo Spartan Assault, @lokuedo5000",
      "generos": "accion,disparos,disparos en primera persona,simulador",
      "version": "Codex",
      "peso": "~1.44 GB",
      "trailer": "9S1OpvKh34E",
      "dcp": "Halo: Spartan Assault es un videojuego de acción con vista cenital perteneciente a la saga Halo, que fue lanzado a la venta el 18 de Julio de 2013 para Windows 8 y Windows Phone 8, y luego fue editado para el resto de plataformas. Está disponible en Windows 8, Windows Phone 8, Xbox 360 y Xbox One. Desde el día 4 de abril de 2014, el videojuego está disponible en Steam. Desde el día 16 de abril de 2015, el juego está disponible en la App Store de Apple.\n\nTranscurre entre los sucesos de Halo 3 en 2553 y los de Halo 4 en 2557, mientras que el paradero del Jefe Maestro era desconocido (que está en sueño creogenico en camino al planeta Forerunner de réquiem). Sigue las misiones de los Spartan que combaten contra el nuevo Covenant. Se controla a la Comandante Sarah Palmer o al Spartan Davis.",
      "minimos": "Sistema Operativo: Windows Vista, 7, 8 y 8.1\nProcesador: Dual core Procesador\nMemoria: 1 GB RAM\nTarjeta gráfica: DirectX10 compatible Tarjeta gráfica card w/ dedicada 512MB RAM (ATI Radeon 3670, NVIDIA 8600 GT ó Intel HD 3000)\nDirectX: Versión 10\nDisco duro: 2550 MB espacio disponible\nNotas adicionales: ** DirectX feature level 10 required **",
      "recomendados": "Sistema Operativo: Windows Vista, 7, 8 y 8.1\nProcesador: Quad core Procesador\nMemoria: 2 GB RAM\nTarjeta gráfica: DirectX10 compatible Tarjeta gráfica card w/ dedicada 1GB RAM\nDirectX: Versión 11\nDisco duro: 2550 MB espacio disponible"
    },
    {
      "id": "16",
      "urls": "d6db644b",
      "titulo": "Halo Combat Evolved",
      "nombre": "Halo Combat Evolved",
      "desarrolladora": "Bungie Studios (Xbox), Gearbox Software",
      "cover": "https://i.imgur.com/Y87xxLi.jpg",
      "banner": "https://i.imgur.com/Y87xxLi.jpg",
      "tags": "Halo Combat Evolved, @lokuedo5000",
      "generos": "cooperativo,disparos en primera persona,multijugador",
      "version": "All",
      "peso": "~630 MB",
      "trailer": "v0kHiEME0Vk",
      "dcp": "Halo: Combat Evolved, comúnmente conocido como Halo o Halo 1, es un videojuego de disparos en primera persona desarrollado por Bungie Studios y publicado por Microsoft Game Studios el 15 de noviembre de 2001, a manera de título debut de la videoconsola Xbox,1​ y de la cual es considerado como su aplicación asesina.7​ Es el primer juego de la franquicia Halo.\n\nEn 2003, Microsoft puso a la venta las respectivas adaptaciones para los sistemas Microsoft Windows —versión diseñada por Gearbox Software— y Mac OS X, mientras que la trama dio lugar a la producción de una serie de novelas e historietas ambientadas en el universo ficticio del juego virtual. Posteriormente, en 2007, se produjo un Xbox original disponible para su descarga en el disco duro de cualquier consola Xbox 360. En la Electronic Entertainment Expo de 2011, Microsoft anunció una versión denominada Halo: Combat Evolved Anniversary, cuyo estreno ocurrió el 15 de noviembre de 2011 con motivo del décimo aniversario del debut de dicho juego en el mercado. Entre las nuevas características que incluiría esta versión están un modo cooperativo en línea y gráficos mejorados a partir del motor de juego usado para Halo: Reach.8​\n\nLa trama de Halo tiene lugar en el siglo XXVI, período donde el jugador asume el rol del Jefe Maestro, un soldado genéticamente mejorado que es acompañado por Cortana, una inteligencia artificial. A lo largo de la historia, el usuario se enfrenta a varios extraterrestres —tanto en enfrentamientos directos de cuerpo a cuerpo como a bordo de vehículos— en su intento por descubrir los secretos de Halo, un mundo artificial con forma de anillo.",
      "minimos": "Windows 7, 8, 10,\n128 MB RAM\n2 GB de Espacio",
      "recomendados": "Desconocidos."
    },
    {
      "id": "17",
      "urls": "d6db654b",
      "titulo": "Half Life 2",
      "nombre": "Half Life 2",
      "desarrolladora": "Valve Corporation",
      "cover": "https://i.imgur.com/mGhSYsV.jpg",
      "banner": "https://i.imgur.com/oRKSGKY.jpg",
      "tags": "Half Life 2, @lokuedo5000",
      "generos": "accion,disparos,estrategia",
      "version": "All",
      "peso": "~3 GB",
      "trailer": "ID1dWN3n7q4",
      "dcp": "La historia del juego transcurre, aproximadamente, 20 años después de Half-Life. Gordon Freeman aceptó trabajar para G-Man tras derrotar a Nihilanth, tras lo cual fue puesto en un estado de hibernación, donde ha quedado congelado en el tiempo. Se creía que la destrucción de Nihilanth acabaría con la Tormenta de Portales, pero no fue así. Su muerte creó una nueva e inestable tormenta de portales que se extendió por todo el mundo, transportando a gran parte de las criaturas de Xen a la Tierra. Los Xenianos habían sido anteriormente conquistados por otra raza alienígena llamada La Alianza.",
      "minimos": "Procesador a 1.7 GHz\n512 MB de RAM\nGráfica compatible con DirectX® 8.1 (requiere compatibilidad con SSE), Windows® 7 (32 y 64 bits) / Vista / XP",
      "recomendados": "Procesador Pentium 4 (3 GHz o más)\n1 GB de RAM\nGráfica compatible con DirectX® 9, Windows® 7 (32 y 64 bits) / Vista / XP"
    },
    {
      "id": "18",
      "urls": "47100c70",
      "titulo": "Hades Battle out of Hell",
      "nombre": "Hades Battle out of Hell",
      "desarrolladora": "Supergiant Games",
      "cover": "https://i.imgur.com/44I4OHj.jpg",
      "banner": "https://i.imgur.com/vj6TZv1.jpg",
      "tags": "Hades Battle out of Hell, Hades, @lokuedo5000",
      "generos": "accion",
      "version": "Codex",
      "peso": "~9.76 GB",
      "trailer": "91t0ha9x0AE",
      "dcp": "Hades es un videojuego de rastreo de mazmorras de acción roguelike desarrollado y publicado por Supergiant Games . Fue lanzado para Microsoft Windows , macOS y Nintendo Switch el 17 de septiembre de 2020, que siguió a unlanzamiento de acceso anticipado en diciembre de 2018.\n\nLos jugadores controlan a Zagreus , el hijo de Hades , mientras intenta escapar del Inframundo para llegar al Monte Olimpo, a veces con la ayuda de los obsequios que le otorgan los otros olímpicos . Cada carrera desafía al jugador a través de una serie aleatoria de habitaciones pobladas de enemigos y recompensas. El juego tiene un sistema de combate de hack and slash ; el jugador usa una combinación de su ataque de arma principal, poder de carrera y habilidad mágica para derrotarlos mientras evita el daño para progresar lo más lejos posible. Si bien Zagreus a menudo morirá, el jugador puede usar el tesoro ganado para mejorar ciertos atributos o desbloquear nuevas armas y habilidades para mejorar las posibilidades de escapar en carreras posteriores.\n\nHades se desarrolló siguiendo a Supergiant&#39;s Pyre , un juego en el que querían explorar la narrativa narrativa procedimental, pero debido a la naturaleza del juego principal, descubrieron que los jugadores no jugaban a través de Pyre varias veces para explorar esto. La estructura roguelike de Hades les dio la oportunidad de contar estas historias ramificadas al jugador en el transcurso de múltiples carreras.\n\nUn éxito comercial y crítico, Hades recibió elogios por su jugabilidad, dirección de arte, música, narrativa y personajes y vendió más de un millón de copias. Fue nombrado el juego del año 2020 de varias ceremonias de premios y publicaciones de medios.",
      "minimos": "SO: Windows 7 SP1\nProcesador: Dual Core 2.4 GHz\nMemoria: 4 GB de RAM\nGráficos: 1GB VRAM / DirectX 10+ support\nDisco: 15 GB libres.",
      "recomendados": "SO: Windows 7 SP1\nProcesador: Dual Core 3.0 GHz+\nMemoria: 8 GB de RAM\nGráficos: 2GB VRAM / DirectX 10+ support\nDisco: 15 GB libres."
    },
    {
      "id": "19",
      "urls": "a62adac5-c7a3",
      "fecha": "30 de Junio 2021",
      "titulo": "Half Life 2 The Orange Box (ES)",
      "nombre": "Half Life 2 The Orange Box",
      "cover": "https://i.imgur.com/QVxqhpH.jpg",
      "banner": "https://i.imgur.com/Z7seSdk.jpg",
      "desarrolladora": "Valve Corporation",
      "trailer": "TWIUTMKzpwE",
      "version": "All",
      "peso": "8.99 GB",
      "generos": "accion,horror,survival",
      "tags": "Half Life 2 The Orange Box, Half Life 2 The Orange Box (ES), Half Life 2, Half Life, @lokuedo5000",
      "minimos": "SO: Windows 7, Vista, XP\nProcesador: 1.7 Ghz\nMemoria: 512 MB de RAM\nGráficos: DirectX 8.1 level Graphics Card (requires support for SSE)\nDisco: 10 GB libres.",
      "recomendados": "Desconocidos.",
      "dcp": "-(Half Life 2)-\nHalf-Life 2 es la continuación del videojuego Half-Life. Aunque sigue siendo similar al original, Half-Life 2 introduce nuevos conceptos para la serie, como rompecabezas basados en la física y secciones de vehículos. El juego toma\nlugar en la ficticia Ciudad 17 y las áreas circundantes, mientras el jugador asume el papel del científico Gordon Freeman. Freeman se ve inmerso en un entorno distópico en el que las secuelas de los acontecimientos de Half-Life han\ninfluido plenamente en la sociedad humana, y se ve obligado a luchar contra las probabilidades cada vez más desfavorables para poder sobrevivir. En su lucha, se le unen varios conocidos, entre ellos antiguos colegas de Black Mesa,\nciudadanos oprimidos de City 17 y Vortigaunts, todos los cuales más tarde demuestran ser valiosos aliados. Half-Life 2 recibió críticas positivas, incluidos 35 premios al Juego del Año, cuando se lanzó originalmente para Windows en\n2004.1​ A partir del 3 de diciembre de 2008, se vendieron más de 6,5 millones de copias de Half-Life\n\n-(Half Life 2 Episodio 1)-\nEn la primera expansión oficial de la segunda parte de Half-Life, la trama del juego es una carrera contra el tiempo debido a la explosión masiva de una ciudadela. La página principal mejora con el desarrollo de los personajes no\njugadores aliados, en este caso, el de Alyx Vance.\n\n-(Half Life 2 Episodio 2)-\nSegunda expansión de Half-Life 2, la historia continúa al finalizar la primera parte de la expansión de Half-Life 2. En el juego se muestran grandes mejoras, la principal: la de librar grandes batallas en entornos abiertos y de gran\ntamaño.\n\n-(Portal)-\nEn este juego hay que resolver una serie de puzles mediante el uso de portales de teletransportación, porque recibiremos un arma creadora de portales, con esta arma hay que crear puertas para pasar de un lugar hacia otro. Ejemplo: si\nse dispara un portal hacia la pared izquierda y otro a la derecha, entraremos por la izquierda y saldremos por la derecha, y viceversa.\n\n-(Team Fortress 2)-\nSecuela de Team Fortress Classic, con un nuevo diseño gráfico y dosis de humor."
    },
    {
      "id": "20",
      "urls": "771ce3eb-78fe",
      "fecha": "30 de Junio 2021",
      "titulo": "Spelldrifter",
      "nombre": "Spelldrifter",
      "cover": "https://i.imgur.com/YzlLv7F.jpg",
      "banner": "https://i.imgur.com/qELcB04.jpg",
      "desarrolladora": "Free Range Games",
      "trailer": "MKggs0fdXJ4",
      "version": "Codex",
      "peso": "2.58 GB",
      "generos": "estrategia",
      "tags": "Spelldrifter, @lokuedo5000",
      "minimos": "Sistema operativoWindows 7 o superior.\nProcesador2 GHz o superior (compatible con el conjunto de instrucciones SSE2)\nMemoria2 GB de RAM.\nAlmacenamiento2 GB.\nDirectXVersión 10.\nTarjeta gráfica1 GB de VRAM.",
      "recomendados": "Sistema operativoWindows 7 o superior.\nProcesador2 GHz o superior (compatible con el conjunto de instrucciones SSE2)\nMemoria2 GB de RAM.\nAlmacenamiento2 GB.\nDirectXVersión 10.\nTarjeta gráfica1 GB de VRAM.",
      "dcp": "Spelldrifter combina las tácticas posicionales tipo rompecabezas de un juego de rol por turnos con la personalización y la capacidad de reproducción de un juego de cartas coleccionables. El resultado: un híbrido, en el que los jugadores deben hacer malabarismos con los recursos a su disposición utilizando tanto el tiempo como el espacio."
    },
    {
      "id": "21",
      "urls": "3a39173b-bc32",
      "fecha": "02 de Julio 2021",
      "titulo": "Anima The Reign of Darkness",
      "nombre": "Anima The Reign of Darkness",
      "cover": "https://i.imgur.com/Locl30x.jpg",
      "banner": "https://i.imgur.com/X0ny4u9.jpg",
      "desarrolladora": "Redeev",
      "trailer": "s9YV3QqtBy8",
      "version": "Codex",
      "peso": "1.33 GB",
      "generos": "accion,aventura",
      "tags": "Anima The Reign of Darkness, @lokuedo5000",
      "minimos": "Requires a 64-bit processor and operating system\nOS: Windows XP / Windows Vista / Windows 7 / Windows 8 / Windows 10\nProcessor: x86 compatible 2.3GHz or faster processor (Intel 2nd generation core i-series or equivalent)\nMemory: 4 GB RAM\nGraphics: 512MB NVIDIA GeForce 6800 series or ATI Radeon X800 series or better\nDirectX: Version 11\nStorage: 5 GB available space",
      "recomendados": "Requires a 64-bit processor and operating system\nOS: Windows XP / Windows Vista / Windows 7 / Windows 8 / Windows 10\nProcessor: x86 compatible 2.3GHz or faster processor (Intel 2nd generation core i-series or equivalent)\nMemory: 6 GB RAM\nGraphics: 1.5GB NVIDIA GeForce 500 series or ATI Radeon 6000 series or better",
      "dcp": "Anima es un videojuego de acción RPG (hack&#39;n slash) inspirado en los mejores juegos de la vieja escuela y creado con pasión por los amantes de los juegos de rol para los amantes de los juegos de rol.\nDespués del gran éxito logrado en los dispositivos móviles, ¡anima finalmente llega a la PC con nuevos gráficos y jugabilidad!\n¡Conquista la campaña para un jugador con dificultades de juego potencialmente infinitas, sigue la historia o simplemente continúa, corta enemigos, saquea objetos y mejora tu personaje!\n¡Baja y explora el abismo, mata demonios, bestias, caballeros oscuros y otras criaturas demoníacas que pueblan más de 100 niveles y luego desafía tus habilidades con una pelea de jefes atractiva! ¡Explora diferentes escenarios oscuros, revela secretos ocultos y explora lugares únicos!"
    },
    {
      "id": "22",
      "urls": "91ce605d-90b6",
      "fecha": "02 de Julio 2021",
      "titulo": "Nanotale - Typing Chronicles",
      "nombre": "Nanotale - Typing Chronicles",
      "cover": "https://i.imgur.com/PV5RAm3.jpg",
      "banner": "https://i.imgur.com/PV5RAm3.jpg",
      "desarrolladora": "Fishing Cactus",
      "trailer": "Z1K5-sHT1FI",
      "version": "Codex",
      "peso": "2.11 GB",
      "generos": "accion,aventura",
      "tags": "Nanotale - Typing Chronicles, @lokuedo5000",
      "minimos": "Requires a 64-bit processor and operating system\nOS: Windows 10\nProcessor: Intel Core i5 2400 -OR- AMD Phenom II X6 1100T\nMemory: 8 GB RAM\nGraphics: Radeon HD6870 -OR- GeForce GTX 295 (Does not support Intel Integrated Graphics Cards)\nStorage: 2 GB available space",
      "recomendados": "SO: NO INFORMADO\nProcesador: NO INFORMADO\nMemoria: NO INFORMADO\nGráficos: NO INFORMADO\nMemoria en disco: 2 GB libres",
      "dcp": "Nanotale - Typing Chronicles es un juego de rol de aventuras de mecanografía atmosférico ambientado en un mundo colorido y vibrante. Siga a Rosalind, una archivista novata, en su viaje para explorar un mundo distante. En su búsqueda por reunir conocimientos, recolecta muestras de bellezas naturales místicas. Todo está en paz. La guerra es cosa del pasado lejano.\n\nEn las sombras, se difunde una historia de magia disonante que infunde corrupción en los corazones rotos."
    },
    {
      "id": "23",
      "urls": "ff9e2d2d-a4da",
      "fecha": "02 de Julio 2021",
      "titulo": "Dragon Ball Z Kakarot - Trunks The Warrior of Hope",
      "nombre": "Dragon Ball Z Kakarot - Trunks The Warrior of Hope",
      "cover": "https://i.imgur.com/AqNKkIh.jpg",
      "banner": "https://i.imgur.com/D0grUA2.jpg",
      "desarrolladora": "CyberConnect2",
      "trailer": "9oE0asFgKNg",
      "version": "Codex",
      "peso": "36.05 GB",
      "generos": "accion,aventura",
      "tags": "Dragon Ball Z Kakarot - Trunks The Warrior of Hope, @lokuedo5000",
      "minimos": "SO: Windows 7 SP1 64-bit\nProcesador: Intel Core i5-2400 or AMD Phenom II X6 1100T\nMemoria: 4 GB de RAM\nGráficos: GeForce GTX 750 Ti or Radeon HD 7950\nRed: Conexión de banda ancha a Internet",
      "recomendados": "SO: Windows 10 64-bit\nProcesador: Intel Core i5-3470 or AMD Ryzen 3 1200\nMemoria: 8 GB de RAM\nGráficos: GeForce GTX 960 or Radeon R9 280X\nDirectX: Versión 11\nRed: Conexión de banda ancha a Internet",
      "dcp": "¡Conoce la intensa lucha de Trunks por sobrevivir en un mundo arrasado en esta nueva historia!\n\nTras la muerte de Son Goku por un virus cardíaco, el mundo acaba destruido por los androides. Los guerreros supervivientes, Trunks y Son Gohan, lucharán para proteger el planeta.\n\nEl DLC incluye:\n- Nueva historia\n- Nuevos superataques\n- Nuevos emblemas de alma\n- Y más\n\nTRUNKS - EL GUERRERO DE LA ESPERANZA se puede jugar sin completar la historia principal."
    },
    {
      "id": "24",
      "urls": "193c4241-e124",
      "fecha": "02 de Julio 2021",
      "titulo": "Brothers A Tale of Two Sons",
      "nombre": "Brothers A Tale of Two Sons",
      "cover": "https://i.imgur.com/D1ah838.jpg",
      "banner": "https://i.imgur.com/pTXkPvU.jpg",
      "desarrolladora": "Starbreeze Studios, Fractured Byte, Turn Me Up Games Inc.",
      "trailer": "liftFqr4mbc",
      "version": "ElAmigos",
      "peso": "698.15 MB",
      "generos": "aventura,plataformas",
      "tags": "Brothers A Tale of Two Sons, Brothers, @lokuedo5000",
      "minimos": "SO: Windows XP SP3\nProcesador: 2.4 GHz Dual Core Processor\nMemoria: 2 GB de RAM\nGráficos: NVIDIA GeForce 8600 /ATI Radeon HD 2600\nDirectX: Versión 9.0\nDisco: 2 GB libres.",
      "recomendados": "Desconocido.",
      "dcp": "Descargar Brothers A Tale of Two Sons ElAmigos por googledrive – Acompaña a los hermanos por su viaje épico de cuento de hadas, creado por Josef Fares, el visionario director sueco, y el desarrollador de primera Starbreeze Studios. Controla a ambos hermanos al mismo tiempo: una mecánica de juego de un jugador, pero cooperativo… ¡Lo nunca visto! Resuelve rompecabezas, explora los distintos escenarios y pelea controlando un hermano con cada stick. Un hombre se aferra a la vida. A sus hijos, desesperados por curar a su padre enfermo, solo les queda una opción: deberán ponerse en camino para encontrar «»El agua de la vida” y llevársela a su padre en un viaje en el que tendrán que unir fuerzas para poder sobrevivir. Uno será fuerte; el otro, débil. Uno será valiente; el otro, miedoso. Tendrán que ser… Hermanos."
    },
    {
      "id": "25",
      "urls": "680c326b-63dd",
      "fecha": "02 de Julio 2021",
      "titulo": "Final Fantasy IV Complete Collection",
      "nombre": "Final Fantasy IV Complete Collection",
      "cover": "https://i.imgur.com/VPRwn3Z.jpg",
      "banner": "https://i.imgur.com/dR1jd5O.jpg",
      "desarrolladora": "Square Enix",
      "trailer": "cEntrySB8iI",
      "version": "Codex",
      "peso": "1.05 GB",
      "generos": "estrategia",
      "tags": "Final Fantasy IV Complete Collection, Final Fantasy, @lokuedo5000",
      "minimos": "Sistema Operativo: Windows Vista/7/8\nProcesador: Pentium 4 2.4 GHz\nRAM: 2 GB\nDirectX: Versión 10\nAlmacenamiento: 750 MB",
      "recomendados": "Desconocido.",
      "dcp": "La compilación presenta las versiones completas de Final Fantasy IV Advance y Final Fantasy IV: The After Years , junto con un nuevo juego titulado Final Fantasy IV Interlude , que se desarrolla aproximadamente un año después del juego original. [8]\n\nEn Interlude , los jugadores toman el control de Cecil . La historia comienza en Baron Castle después de que Cecil tiene un sueño sobre una de las Cámaras de Cristal, donde ve a Rydia y escucha una voz que dice &quot;Finalmente, tiene una nueva forma&quot;. Justo cuando la voz está a punto de revelarse, Rosa lo despierta. Cecil y Rosa partieron en una de las aeronaves Red Wings hacia Damcyan. Mientras tanto, en Feymarch, Rydia está a punto de irse cuando Asura, la reina de Feymarch, la confronta y le pregunta adónde va. Rydia le dice que se dirige a Damcyan para la celebración de la reconstrucción, y Asura la deja pasar.\n\nDurante la celebración, un guardia entra y le dice a Yang que algunos monjes han sido brutalmente atacados en el monte. Hobbs. Al escuchar esto, Yang decide irse, y Cecil y Rosa se ofrecen como voluntarios para unirse a él. Cuando llegan a la cima del monte. Hobbs, encuentran a dos monjes heridos, a quienes Rosa cura. Poco después, son atacados por una bomba de papá. Cuando derrotan a Dad Bomb, se dirigen a Fabul, donde la esposa de Yang, Sheila, está a punto de dar a luz a Ursula. Yang le pide a Cecil que sea el padrino de Ursula , lo que acepta con gusto..."
    }
  ],
  "torrents": [
    {
      "artID": "47100c70",
      "torrents": "magnet:?xt=urn:btih:1e7d5b7bef3c0608d163a5606c71f738df8027bf&dn=Hades+Battle+out+of+Hell+ElAmigos&tr=udp%3A%2F%2Fshubt.net%3A2710&tr=http%3A%2F%2Fretracker.local%2Fannounce&tr=http%3A%2F%2Ftracker.filetracker.pl%3A8089%2Fannounce&tr=http%3A%2F%2Ftracker2.wasabii.com.tw%3A6969%2Fannounce&tr=http%3A%2F%2Ftracker.grepler.com%3A6969%2Fannounce&tr=http%3A%2F%2Ftracker.tiny-vps.com%3A6969%2Fannounce&tr=udp%3A%2F%2F46.148.18.250%3A2710&tr=http%3A%2F%2Ftracker.dler.org%3A6969%2Fannounce&tr=udp%3A%2F%2F%5B2001%3A67c%3A28f8%3A92%3A%3A1111%3A1%5D%3A2710&tr=udp%3A%2F%2Fipv6.leechers-paradise.org%3A6969&tr=http%3A%2F%2F9.rarbg.com%3A2710%2Fannounce&tr=http%3A%2F%2Fexplodie.org%3A6969%2Fannounce&tr=http%3A%2F%2Fmgtracker.org%3A2710%2Fannounce&tr=http%3A%2F%2Ftracker.tfile.me%2Fannounce&tr=http%3A%2F%2Ftracker.torrenty.org%3A6969%2Fannounce&tr=http%3A%2F%2Ftracker.trackerfix.com%2Fannounce&tr=http%3A%2F%2Fwww.mvgroup.org%3A2710%2Fannounce&tr=udp%3A%2F%2F9.rarbg.com%3A2710%2Fannounce&tr=udp%3A%2F%2F9.rarbg.me%3A2710%2Fannounce&tr=udp%3A%2F%2F9.rarbg.to%3A2710%2Fannounce&tr=udp%3A%2F%2Fcoppersurfer.tk%3A6969%2Fannounce&tr=udp%3A%2F%2Fexodus.desync.com%3A6969%2Fannounce&tr=udp%3A%2F%2Fglotorrents.pw%3A6969%2Fannounce&tr=udp%3A%2F%2Fopen.demonii.com%3A1337%2Fannounce&tr=udp%3A%2F%2Ftracker.coppersurfer.tk%3A6969%2Fannounce&tr=udp%3A%2F%2Ftracker.glotorrents.com%3A6969%2Fannounce&tr=udp%3A%2F%2Ftracker.leechers-paradise.org%3A6969%2Fannounce&tr=udp%3A%2F%2Ftracker.openbittorrent.com%3A80%2Fannounce&tr=udp%3A%2F%2Ftracker.opentrackr.org%3A1337%2Fannounce&tr=udp%3A%2F%2Ftracker.publicbt.com%3A80%2Fannounce&tr=udp%3A%2F%2Ftracker4.piratux.com%3A6969%2Fannounce&tr=udp%3A%2F%2Fpublic.popcorn-tracker.org%3A6969%2Fannounce&tr=http%3A%2F%2F182.176.139.129%3A6969%2Fannounce&tr=http%3A%2F%2F91.218.230.81%3A6969%2Fannounce&tr=udp%3A%2F%2Ftracker.ilibr.org%3A80%2Fannounce&tr=http%3A%2F%2Fp4p.arenabg.ch%3A1337%2Fannounce&tr=http%3A%2F%2Fpow7.com%3A80%2Fannounce&tr=http%3A%2F%2Fretracker.krs-ix.ru%3A80%2Fannounce&tr=http%3A%2F%2Fsecure.pow7.com%2Fannounce&tr=http%3A%2F%2Ft1.pow7.com%2Fannounce&tr=http%3A%2F%2Ft2.pow7.com%2Fannounce&tr=http%3A%2F%2Fthetracker.org%3A80%2Fannounce&tr=http%3A%2F%2Ftorrentsmd.com%3A8080%2Fannounce&tr=http%3A%2F%2Ftracker.bittor.pw%3A1337%2Fannounce&tr=http%3A%2F%2Ftracker.dutchtracking.com%3A80%2Fannounce&tr=http%3A%2F%2Ftracker.dutchtracking.nl%3A80%2Fannounce&tr=http%3A%2F%2Ftracker.edoardocolombo.eu%3A6969%2Fannounce&tr=http%3A%2F%2Ftracker.ex.ua%3A80%2Fannounce&tr=http%3A%2F%2Ftracker.kicks-ass.net%3A80%2Fannounce&tr=http%3A%2F%2Ftracker1.wasabii.com.tw%3A6969%2Fannounce&tr=http%3A%2F%2Ftracker2.itzmx.com%3A6961%2Fannounce&tr=http%3A%2F%2Fwww.wareztorrent.com%3A80%2Fannounce&tr=udp%3A%2F%2F62.138.0.158%3A6969%2Fannounce&tr=udp%3A%2F%2Feddie4.nl%3A6969%2Fannounce&tr=udp%3A%2F%2Fexplodie.org%3A6969%2Fannounce&tr=udp%3A%2F%2Fshadowshq.eddie4.nl%3A6969%2Fannounce&tr=udp%3A%2F%2Fshadowshq.yi.org%3A6969%2Fannounce&tr=udp%3A%2F%2Ftracker.eddie4.nl%3A6969%2Fannounce&tr=udp%3A%2F%2Ftracker.mg64.net%3A2710%2Fannounce&tr=udp%3A%2F%2Ftracker.sktorrent.net%3A6969&tr=udp%3A%2F%2Ftracker2.indowebster.com%3A6969%2Fannounce&tr=http%3A%2F%2Ftracker.dutchtracking.com%2Fannounce&tr=http%3A%2F%2Ftracker.mg64.net%3A6881%2Fannounce&tr=udp%3A%2F%2Fbt.xxx-tracker.com%3A2710%2Fannounce&tr=udp%3A%2F%2Ftracker.mg64.net%3A6969%2Fannounce&tr=http%3A%2F%2Ftracker.opentrackr.org%3A1337%2Fannounce&tr=udp%3A%2F%2Fzer0day.ch%3A1337%2Fannounce&tr=udp%3A%2F%2Fzer0day.to%3A1337%2Fannounce&tr=udp%3A%2F%2F9.rarbg.me%3A2780%2Fannounce&tr=udp%3A%2F%2F9.rarbg.to%3A2730%2Fannounce&tr=udp%3A%2F%2Fp4p.arenabg.com%3A1337%2Fannounce&tr=udp%3A%2F%2Ftracker.sktorrent.net%3A6969%2Fannounce&tr=http%3A%2F%2Fp4p.arenabg.com%3A1337%2Fannounce&tr=udp%3A%2F%2Ftracker.aletorrenty.pl%3A2710%2Fannounce&tr=http%3A%2F%2Ftracker.aletorrenty.pl%3A2710%2Fannounce&tr=http%3A%2F%2Ftracker.bittorrent.am%2Fannounce&tr=udp%3A%2F%2Ftracker.kicks-ass.net%3A80%2Fannounce&tr=http%3A%2F%2Ftracker.kicks-ass.net%2Fannounce&tr=http%3A%2F%2Ftracker.baravik.org%3A6970%2Fannounce&tr=udp%3A%2F%2Ftorrent.gresille.org%3A80%2Fannounce&tr=http%3A%2F%2Ftorrent.gresille.org%2Fannounce&tr=http%3A%2F%2Ftracker.skyts.net%3A6969%2Fannounce&tr=http%3A%2F%2Ftracker.internetwarriors.net%3A1337%2Fannounce&tr=udp%3A%2F%2Ftracker.skyts.net%3A6969%2Fannounce&tr=http%3A%2F%2Ftracker.dutchtracking.nl%2Fannounce&tr=udp%3A%2F%2Ftracker.yoshi210.com%3A6969%2Fannounce&tr=udp%3A%2F%2Ftracker.tiny-vps.com%3A6969%2Fannounce&tr=udp%3A%2F%2Ftracker.internetwarriors.net%3A1337%2Fannounce&tr=http%3A%2F%2Ftracker.yoshi210.com%3A6969%2Fannounce&tr=udp%3A%2F%2Ftracker.filetracker.pl%3A8089%2Fannounce&tr=udp%3A%2F%2Ftracker.ex.ua%3A80%2Fannounce&tr=udp%3A%2F%2F91.218.230.81%3A6969%2Fannounce&tr=https%3A%2F%2Fwww.wareztorrent.com%2Fannounce&tr=http%3A%2F%2Fwww.wareztorrent.com%2Fannounce&tr=http%3A%2F%2Ftracker.ex.ua%2Fannounce&tr=http%3A%2F%2Ftracker.calculate.ru%3A6969%2Fannounce&tr=udp%3A%2F%2Ftracker.grepler.com%3A6969%2Fannounce&tr=udp%3A%2F%2Ftracker.flashtorrents.org%3A6969%2Fannounce&tr=udp%3A%2F%2Ftracker.bittor.pw%3A1337%2Fannounce&tr=http%3A%2F%2Ftracker.tvunderground.org.ru%3A3218%2Fannounce&tr=http%3A%2F%2Ftracker.flashtorrents.org%3A6969%2Fannounce&tr=http%3A%2F%2Fretracker.gorcomnet.ru%2Fannounce&tr=udp%3A%2F%2Ftracker.kuroy.me%3A5944%2Fannounce&tr=udp%3A%2F%2F182.176.139.129%3A6969%2Fannounce&tr=http%3A%2F%2Ftracker.kuroy.me%3A5944%2Fannounce&tr=http%3A%2F%2Fretracker.krs-ix.ru%2Fannounce&tr=udp%3A%2F%2Fopen.stealth.si%3A80%2Fannounce&tr=udp%3A%2F%2F208.67.16.113%3A8000%2Fannounce&tr=udp%3A%2F%2F213.163.67.56%3A1337%2Fannounce&tr=http%3A%2F%2F173.254.204.71%3A1096%2Fannounce&tr=udp%3A%2F%2F195.123.209.40%3A80%2Fannounce&tr=udp%3A%2F%2F62.212.85.66%3A2710%2Fannounce&tr=udp%3A%2F%2Ftracker.piratepublic.com%3A1337%2Fannounce&tr=wss%3A%2F%2Ftracker.btorrent.xyz&tr=wss%3A%2F%2Ftracker.openwebtorrent.com"
    },
    {
      "artID": "2e29947a",
      "torrents": "magnet:?xt=urn:btih:46ccf46788f7b662ed5d8a1e4fd3345710a8f78b&dn=Forager [wWw.GamesTorrents.NU]&tr=udp://tracker.leechers-paradise.org:6969/announce13&tr=udp://tracker.leechers-paradise.org:6969/announceel48&tr=udp://tracker.internetwarriors.net:1337/announceel42&tr=udp://tracker.opentrackr.org:1337/announceel43&tr=udp://tracker.coppersurfer.tk:6969/announceel42&tr=udp://tracker.pirateparty.gr:6969/announceel30&tr=udp://9.rarbg.to:2730/announceel30&tr=udp://9.rarbg.to:2710/announceel38&tr=udp://bt.xxx-tracker.com:2710/announceel38&tr=udp://tracker.cyberia.is:6969/announceel42&tr=udp://9.rarbg.to:2770/announceel30&tr=udp://9.rarbg.me:2730/announceel29&tr=udp://eddie4.nl:6969/announceel36&tr=udp://tracker.mg64.net:6969/announceel35&tr=http://tracker.tfile.co:80/announceee7&tr=udp://open.stealth.si:80/announceel35"
    },
    {
      "artID": "3b4cc23a",
      "torrents": "magnet:?xt=urn:btih:f87662cae784115e0f463d0130f69016a3cc5092&dn=Max Payne 1.05 ElAmigos&tr=udp://shubt.net:2710&tr=http://retracker.local/announce&tr=http://tracker.filetracker.pl:8089/announce&tr=http://tracker2.wasabii.com.tw:6969/announce&tr=http://tracker.grepler.com:6969/announce&tr=http://125.227.35.196:6969/announce&tr=http://tracker.tiny-vps.com:6969/announce&tr=http://87.248.186.252:8080/announce&tr=http://210.244.71.25:6969/announce&tr=http://46.4.109.148:6969/announce&tr=udp://46.148.18.250:2710&tr=http://tracker.dler.org:6969/announce&tr=udp://[2001:67c:28f8:92::1111:1]:2710&tr=udp://ipv6.leechers-paradise.org:6969&tr=http://9.rarbg.com:2710/announce&tr=http://announce.torrentsmd.com:6969/announce&tr=http://bt.careland.com.cn:6969/announce&tr=http://explodie.org:6969/announce&tr=http://mgtracker.org:2710/announce&tr=http://tracker.tfile.me/announce&tr=http://tracker.torrenty.org:6969/announce&tr=http://tracker.trackerfix.com/announce&tr=http://www.mvgroup.org:2710/announce&tr=udp://9.rarbg.com:2710/announce&tr=udp://9.rarbg.me:2710/announce&tr=udp://9.rarbg.to:2710/announce&tr=udp://coppersurfer.tk:6969/announce&tr=udp://exodus.desync.com:6969/announce&tr=udp://glotorrents.pw:6969/announce&tr=udp://open.demonii.com:1337/announce&tr=udp://tracker.coppersurfer.tk:6969/announce&tr=udp://tracker.glotorrents.com:6969/announce&tr=udp://tracker.leechers-paradise.org:6969/announce&tr=udp://tracker.openbittorrent.com:80/announce&tr=udp://tracker.opentrackr.org:1337/announce&tr=udp://tracker.publicbt.com:80/announce&tr=udp://tracker4.piratux.com:6969/announce&tr=udp://public.popcorn-tracker.org:6969/announce&tr=http://182.176.139.129:6969/announce&tr=http://5.79.83.193:2710/announce&tr=http://91.218.230.81:6969/announce&tr=udp://tracker.ilibr.org:80/announce&tr=http://atrack.pow7.com/announce&tr=http://bt.henbt.com:2710/announce&tr=http://mgtracker.org:6969/announce&tr=http://open.touki.ru/announce.php&tr=http://p4p.arenabg.ch:1337/announce&tr=http://pow7.com:80/announce&tr=http://retracker.krs-ix.ru:80/announce&tr=http://secure.pow7.com/announce&tr=http://t1.pow7.com/announce&tr=http://t2.pow7.com/announce&tr=http://thetracker.org:80/announce&tr=http://torrentsmd.com:8080/announce&tr=http://tracker.bittor.pw:1337/announce&tr=http://tracker.dutchtracking.com:80/announce&tr=http://tracker.dutchtracking.nl:80/announce&tr=http://tracker.edoardocolombo.eu:6969/announce&tr=http://tracker.ex.ua:80/announce&tr=http://tracker.kicks-ass.net:80/announce&tr=http://tracker1.wasabii.com.tw:6969/announce&tr=http://tracker2.itzmx.com:6961/announce&tr=http://www.wareztorrent.com:80/announce&tr=udp://62.138.0.158:6969/announce&tr=udp://eddie4.nl:6969/announce&tr=udp://explodie.org:6969/announce&tr=udp://shadowshq.eddie4.nl:6969/announce&tr=udp://shadowshq.yi.org:6969/announce&tr=udp://tracker.eddie4.nl:6969/announce&tr=udp://tracker.mg64.net:2710/announce&tr=udp://tracker.sktorrent.net:6969&tr=udp://tracker2.indowebster.com:6969/announce&tr=http://tracker.dutchtracking.com/announce&tr=http://tracker.mg64.net:6881/announce&tr=udp://bt.xxx-tracker.com:2710/announce&tr=udp://tracker.mg64.net:6969/announce&tr=http://tracker.opentrackr.org:1337/announce&tr=udp://zer0day.ch:1337/announce&tr=udp://zer0day.to:1337/announce&tr=udp://9.rarbg.me:2780/announce&tr=udp://9.rarbg.to:2730/announce&tr=udp://p4p.arenabg.com:1337/announce&tr=udp://tracker.sktorrent.net:6969/announce&tr=http://p4p.arenabg.com:1337/announce&tr=udp://tracker.aletorrenty.pl:2710/announce&tr=http://tracker.aletorrenty.pl:2710/announce&tr=http://tracker.bittorrent.am/announce&tr=udp://tracker.kicks-ass.net:80/announce&tr=http://tracker.kicks-ass.net/announce&tr=http://tracker.baravik.org:6970/announce&tr=udp://torrent.gresille.org:80/announce&tr=http://torrent.gresille.org/announce&tr=http://tracker.skyts.net:6969/announce&tr=http://tracker.internetwarriors.net:1337/announce&tr=udp://tracker.skyts.net:6969/announce&tr=http://tracker.dutchtracking.nl/announce&tr=udp://tracker.yoshi210.com:6969/announce&tr=udp://tracker.tiny-vps.com:6969/announce&tr=udp://tracker.internetwarriors.net:1337/announce&tr=udp://mgtracker.org:2710/announce&tr=http://tracker.yoshi210.com:6969/announce&tr=udp://tracker.filetracker.pl:8089/announce&tr=udp://tracker.ex.ua:80/announce&tr=udp://91.218.230.81:6969/announce&tr=https://www.wareztorrent.com/announce&tr=http://www.wareztorrent.com/announce&tr=http://tracker.ex.ua/announce&tr=http://tracker.calculate.ru:6969/announce&tr=udp://tracker.grepler.com:6969/announce&tr=udp://tracker.flashtorrents.org:6969/announce&tr=udp://tracker.bittor.pw:1337/announce&tr=http://tracker.tvunderground.org.ru:3218/announce&tr=http://tracker.flashtorrents.org:6969/announce&tr=http://retracker.gorcomnet.ru/announce&tr=http://bt.pusacg.org:8080/announce&tr=udp://tracker.kuroy.me:5944/announce&tr=udp://182.176.139.129:6969/announce&tr=http://tracker.kuroy.me:5944/announce&tr=http://retracker.krs-ix.ru/announce&tr=http://open.acgtracker.com:1096/announce&tr=udp://open.stealth.si:80/announce&tr=udp://208.67.16.113:8000/announce&tr=http://bt2.careland.com.cn:6969/announce&tr=http://open.lolicon.eu:7777/announce&tr=udp://213.163.67.56:1337/announce&tr=http://173.254.204.71:1096/announce&tr=udp://195.123.209.40:80/announce&tr=udp://62.212.85.66:2710/announce&tr=http://59.36.96.77:6969/announce&tr=http://87.253.152.137/announce&tr=http://158.69.146.212:7777/announce&tr=udp://tracker.piratepublic.com:1337/announce"
    },
    {
      "artID": "f4dfda92",
      "torrents": "magnet:?xt=urn:btih:d063690174efe5033e8ffc377fdd60a7ebb0ce80&dn=Far Cry Pc by kaspersky&tr=http://tracker.prq.to/announce"
    },
    {
      "artID": "7021363e",
      "torrents": "magnet:?xt=urn:btih:e2a810376a282d8667a726bf758673d05098a5cb&dn=Assassin's Creed Liberation HD  [wWw.GamesTorrents.TV]&tr=udp://tracker.openbittorrent.com:80/announce&tr=udp://tracker.opentrackr.org:1337/announce"
    },
    {
      "artID": "79905fa3",
      "torrents": "magnet:?xt=urn:btih:d9694421bf2be51668ee54841901832c65320b09&dn=QUAKE 4 [MULTI][PCDVD][MAC OSX][LZ0][WwW.GamesTorrents.CoM]&tr=http://www.todotorrents.com:2710/announce"
    },
    {
      "artID": "982479b4",
      "torrents": "magnet:?xt=urn:btih:e9eddf4a5c5b00f21e7cb40f52efe14a0e94ca8e&dn=Halo.Spartan.Strike-CODEX&tr=http://www.todotorrents.com:2710/announce&tr=http://cpleft.com:2710/announce&tr=udp://fr33dom.h33t.com:3310/announce&tr=udp://tracker.istole.it:80/announce&tr=udp://tracker.istole.it:80&tr=udp://ipv4.tracker.harry.lu:80/announce&tr=udp://11.rarbg.com/announce&tr=udp://tracker.openbittorrent.com:80&tr=udp://tracker.openbittorrent.com:80/announce&tr=udp://11.rarbg.com:80/announce&tr=udp://10.rarbg.com/announce&tr=http://tracker.ex.ua/announce&tr=http://exodus.desync.com:6969/announce&tr=udp://9.rarbg.com:2710/announce&tr=http://exodus.desync.com/announce&tr=udp://tracker.publicbt.com:80/announce&tr=udp://fr33domtracker.h33t.com:3310/announce&tr=udp://crazy-torrent.com:80/announce&tr=http://inferno.demonoid.ph:3389/announce"
    },
    {
      "artID": "297e91a5",
      "torrents": "magnet:?xt=urn:btih:894a70981d5ab4799ae24e4e8d743e52ac7fe272&dn=Far Cry 2 [MULTI5][PCDVD][WwW.GamesTorrents.CoM]&tr=http://www.todotorrents.com:2710/announce&tr=http://tracker.prq.to/announce&tr=http://tpb.tracker.thepiratebay.org/announce&tr=http://open.tracker.thepiratebay.org/announce&tr=http://tpb.tracker.thepiratebay.org:80/announce"
    },
    {
      "artID": "bcff33ba",
      "torrents": "magnet:?xt=urn:btih:3560149404d33808e0ac327fa773d4b1d4393c05&dn=Life+is+Strange+Complete+First+Season+1.0.0.397609&tr=udp%3A%2F%2Fshubt.net%3A2710&tr=http%3A%2F%2Fretracker.local%2Fannounce&tr=http%3A%2F%2Ftracker.filetracker.pl%3A8089%2Fannounce&tr=http%3A%2F%2Ftracker2.wasabii.com.tw%3A6969%2Fannounce&tr=http%3A%2F%2Ftracker.grepler.com%3A6969%2Fannounce&tr=http%3A%2F%2F125.227.35.196%3A6969%2Fannounce&tr=http%3A%2F%2Ftracker.tiny-vps.com%3A6969%2Fannounce&tr=http%3A%2F%2F87.248.186.252%3A8080%2Fannounce&tr=http%3A%2F%2F210.244.71.25%3A6969%2Fannounce&tr=http%3A%2F%2F46.4.109.148%3A6969%2Fannounce&tr=udp%3A%2F%2F46.148.18.250%3A2710&tr=http%3A%2F%2Ftracker.dler.org%3A6969%2Fannounce&tr=udp%3A%2F%2F%5B2001%3A67c%3A28f8%3A92%3A%3A1111%3A1%5D%3A2710&tr=udp%3A%2F%2Fipv6.leechers-paradise.org%3A6969&tr=http%3A%2F%2F9.rarbg.com%3A2710%2Fannounce&tr=http%3A%2F%2Fannounce.torrentsmd.com%3A6969%2Fannounce&tr=http%3A%2F%2Fbt.careland.com.cn%3A6969%2Fannounce&tr=http%3A%2F%2Fexplodie.org%3A6969%2Fannounce&tr=http%3A%2F%2Fmgtracker.org%3A2710%2Fannounce&tr=http%3A%2F%2Ftracker.tfile.me%2Fannounce&tr=http%3A%2F%2Ftracker.torrenty.org%3A6969%2Fannounce&tr=http%3A%2F%2Ftracker.trackerfix.com%2Fannounce&tr=http%3A%2F%2Fwww.mvgroup.org%3A2710%2Fannounce&tr=udp%3A%2F%2F9.rarbg.com%3A2710%2Fannounce&tr=udp%3A%2F%2F9.rarbg.me%3A2710%2Fannounce&tr=udp%3A%2F%2F9.rarbg.to%3A2710%2Fannounce&tr=udp%3A%2F%2Fcoppersurfer.tk%3A6969%2Fannounce&tr=udp%3A%2F%2Fexodus.desync.com%3A6969%2Fannounce&tr=udp%3A%2F%2Fglotorrents.pw%3A6969%2Fannounce&tr=udp%3A%2F%2Fopen.demonii.com%3A1337%2Fannounce&tr=udp%3A%2F%2Ftracker.coppersurfer.tk%3A6969%2Fannounce&tr=udp%3A%2F%2Ftracker.glotorrents.com%3A6969%2Fannounce&tr=udp%3A%2F%2Ftracker.leechers-paradise.org%3A6969%2Fannounce&tr=udp%3A%2F%2Ftracker.openbittorrent.com%3A80%2Fannounce&tr=udp%3A%2F%2Ftracker.opentrackr.org%3A1337%2Fannounce&tr=udp%3A%2F%2Ftracker.publicbt.com%3A80%2Fannounce&tr=udp%3A%2F%2Ftracker4.piratux.com%3A6969%2Fannounce&tr=udp%3A%2F%2Fpublic.popcorn-tracker.org%3A6969%2Fannounce&tr=http%3A%2F%2F182.176.139.129%3A6969%2Fannounce&tr=http%3A%2F%2F5.79.83.193%3A2710%2Fannounce&tr=http%3A%2F%2F91.218.230.81%3A6969%2Fannounce&tr=udp%3A%2F%2Ftracker.ilibr.org%3A80%2Fannounce&tr=http%3A%2F%2Fatrack.pow7.com%2Fannounce&tr=http%3A%2F%2Fbt.henbt.com%3A2710%2Fannounce&tr=http%3A%2F%2Fmgtracker.org%3A6969%2Fannounce&tr=http%3A%2F%2Fopen.touki.ru%2Fannounce.php&tr=http%3A%2F%2Fp4p.arenabg.ch%3A1337%2Fannounce&tr=http%3A%2F%2Fpow7.com%3A80%2Fannounce&tr=http%3A%2F%2Fretracker.krs-ix.ru%3A80%2Fannounce&tr=http%3A%2F%2Fsecure.pow7.com%2Fannounce&tr=http%3A%2F%2Ft1.pow7.com%2Fannounce&tr=http%3A%2F%2Ft2.pow7.com%2Fannounce&tr=http%3A%2F%2Fthetracker.org%3A80%2Fannounce&tr=http%3A%2F%2Ftorrentsmd.com%3A8080%2Fannounce&tr=http%3A%2F%2Ftracker.bittor.pw%3A1337%2Fannounce&tr=http%3A%2F%2Ftracker.dutchtracking.com%3A80%2Fannounce&tr=http%3A%2F%2Ftracker.dutchtracking.nl%3A80%2Fannounce&tr=http%3A%2F%2Ftracker.edoardocolombo.eu%3A6969%2Fannounce&tr=http%3A%2F%2Ftracker.ex.ua%3A80%2Fannounce&tr=http%3A%2F%2Ftracker.kicks-ass.net%3A80%2Fannounce&tr=http%3A%2F%2Ftracker1.wasabii.com.tw%3A6969%2Fannounce&tr=http%3A%2F%2Ftracker2.itzmx.com%3A6961%2Fannounce&tr=http%3A%2F%2Fwww.wareztorrent.com%3A80%2Fannounce&tr=udp%3A%2F%2F62.138.0.158%3A6969%2Fannounce&tr=udp%3A%2F%2Feddie4.nl%3A6969%2Fannounce&tr=udp%3A%2F%2Fexplodie.org%3A6969%2Fannounce&tr=udp%3A%2F%2Fshadowshq.eddie4.nl%3A6969%2Fannounce&tr=udp%3A%2F%2Fshadowshq.yi.org%3A6969%2Fannounce&tr=udp%3A%2F%2Ftracker.eddie4.nl%3A6969%2Fannounce&tr=udp%3A%2F%2Ftracker.mg64.net%3A2710%2Fannounce&tr=udp%3A%2F%2Ftracker.sktorrent.net%3A6969&tr=udp%3A%2F%2Ftracker2.indowebster.com%3A6969%2Fannounce&tr=http%3A%2F%2Ftracker.dutchtracking.com%2Fannounce&tr=http%3A%2F%2Ftracker.mg64.net%3A6881%2Fannounce&tr=udp%3A%2F%2Fbt.xxx-tracker.com%3A2710%2Fannounce&tr=udp%3A%2F%2Ftracker.mg64.net%3A6969%2Fannounce&tr=http%3A%2F%2Ftracker.opentrackr.org%3A1337%2Fannounce&tr=udp%3A%2F%2Fzer0day.ch%3A1337%2Fannounce&tr=udp%3A%2F%2Fzer0day.to%3A1337%2Fannounce&tr=udp%3A%2F%2F9.rarbg.me%3A2780%2Fannounce&tr=udp%3A%2F%2F9.rarbg.to%3A2730%2Fannounce&tr=udp%3A%2F%2Fp4p.arenabg.com%3A1337%2Fannounce&tr=udp%3A%2F%2Ftracker.sktorrent.net%3A6969%2Fannounce&tr=http%3A%2F%2Fp4p.arenabg.com%3A1337%2Fannounce&tr=udp%3A%2F%2Ftracker.aletorrenty.pl%3A2710%2Fannounce&tr=http%3A%2F%2Ftracker.aletorrenty.pl%3A2710%2Fannounce&tr=http%3A%2F%2Ftracker.bittorrent.am%2Fannounce&tr=udp%3A%2F%2Ftracker.kicks-ass.net%3A80%2Fannounce&tr=http%3A%2F%2Ftracker.kicks-ass.net%2Fannounce&tr=http%3A%2F%2Ftracker.baravik.org%3A6970%2Fannounce&tr=udp%3A%2F%2Ftorrent.gresille.org%3A80%2Fannounce&tr=http%3A%2F%2Ftorrent.gresille.org%2Fannounce&tr=http%3A%2F%2Ftracker.skyts.net%3A6969%2Fannounce&tr=http%3A%2F%2Ftracker.internetwarriors.net%3A1337%2Fannounce&tr=udp%3A%2F%2Ftracker.skyts.net%3A6969%2Fannounce&tr=http%3A%2F%2Ftracker.dutchtracking.nl%2Fannounce&tr=udp%3A%2F%2Ftracker.yoshi210.com%3A6969%2Fannounce&tr=udp%3A%2F%2Ftracker.tiny-vps.com%3A6969%2Fannounce&tr=udp%3A%2F%2Ftracker.internetwarriors.net%3A1337%2Fannounce&tr=udp%3A%2F%2Fmgtracker.org%3A2710%2Fannounce&tr=http%3A%2F%2Ftracker.yoshi210.com%3A6969%2Fannounce&tr=udp%3A%2F%2Ftracker.filetracker.pl%3A8089%2Fannounce&tr=udp%3A%2F%2Ftracker.ex.ua%3A80%2Fannounce&tr=udp%3A%2F%2F91.218.230.81%3A6969%2Fannounce&tr=https%3A%2F%2Fwww.wareztorrent.com%2Fannounce&tr=http%3A%2F%2Fwww.wareztorrent.com%2Fannounce&tr=http%3A%2F%2Ftracker.ex.ua%2Fannounce&tr=http%3A%2F%2Ftracker.calculate.ru%3A6969%2Fannounce&tr=udp%3A%2F%2Ftracker.grepler.com%3A6969%2Fannounce&tr=udp%3A%2F%2Ftracker.flashtorrents.org%3A6969%2Fannounce&tr=udp%3A%2F%2Ftracker.bittor.pw%3A1337%2Fannounce&tr=http%3A%2F%2Ftracker.tvunderground.org.ru%3A3218%2Fannounce&tr=http%3A%2F%2Ftracker.flashtorrents.org%3A6969%2Fannounce&tr=http%3A%2F%2Fretracker.gorcomnet.ru%2Fannounce&tr=http%3A%2F%2Fbt.pusacg.org%3A8080%2Fannounce&tr=udp%3A%2F%2Ftracker.kuroy.me%3A5944%2Fannounce&tr=udp%3A%2F%2F182.176.139.129%3A6969%2Fannounce&tr=http%3A%2F%2Ftracker.kuroy.me%3A5944%2Fannounce&tr=http%3A%2F%2Fretracker.krs-ix.ru%2Fannounce&tr=http%3A%2F%2Fopen.acgtracker.com%3A1096%2Fannounce&tr=udp%3A%2F%2Fopen.stealth.si%3A80%2Fannounce&tr=udp%3A%2F%2F208.67.16.113%3A8000%2Fannounce&tr=http%3A%2F%2Fbt2.careland.com.cn%3A6969%2Fannounce&tr=http%3A%2F%2Fopen.lolicon.eu%3A7777%2Fannounce&tr=udp%3A%2F%2F213.163.67.56%3A1337%2Fannounce&tr=http%3A%2F%2F173.254.204.71%3A1096%2Fannounce&tr=udp%3A%2F%2F195.123.209.40%3A80%2Fannounce&tr=udp%3A%2F%2F62.212.85.66%3A2710%2Fannounce&tr=http%3A%2F%2F59.36.96.77%3A6969%2Fannounce&tr=http%3A%2F%2F87.253.152.137%2Fannounce&tr=http%3A%2F%2F158.69.146.212%3A7777%2Fannounce&tr=udp%3A%2F%2Ftracker.piratepublic.com%3A1337%2Fannounce&tr=wss%3A%2F%2Ftracker.btorrent.xyz&tr=wss%3A%2F%2Ftracker.openwebtorrent.com"
    },
    {
      "artID": "82dc9947",
      "torrents": "magnet:?xt=urn:btih:ffd888863df9f4fd62c2572765d7af04ab48639d&dn=SpongeBob SquarePants Battle for Bikini Bottom - Rehydrated [wWw.GamesTorrents.NU]&tr=udp://tracker.openbittorrent.com:80/announce&tr=udp://tracker.opentrackr.org:1337/announce"
    },
    {
      "artID": "93261292",
      "torrents": "magnet:?xt=urn:btih:af4318ae2b8577372e330643fd01826cdf0d4ba8&dn=Deadpool [MULTI5][PCDVD][FLT][WwW.GamesTorrents.CoM]&tr=http://www.todotorrents.com:2710/announce&tr=udp://tracker.openbittorrent.com:80/announce&tr=udp://tracker.publicbt.com:80/announce&tr=udp://tracker.ccc.de:80/announce"
    },
    {
      "artID": "4ed88d80",
      "torrents": "magnet:?xt=urn:btih:5a7e45fa94a287564be36d33582e66a5e337377f&dn=Bendy.And.The.Ink.Machine.Complete.Edition.MULTI-PLAZA.WwW.GamesTorrents.CoM&tr=udp%3A%2F%2Ftracker.openbittorrent.com%3A80%2Fannounce&tr=udp%3A%2F%2Ftracker.publicbt.com%3A80%2Fannounce&tr=wss%3A%2F%2Ftracker.btorrent.xyz&tr=wss%3A%2F%2Ftracker.openwebtorrent.com"
    },
    {
      "artID": "dfe488b5",
      "torrents": "magnet:?xt=urn:btih:71b23c37bb5910d1b65a64573cb9088a7ddbe3f7&dn=Firewatch-CODEX&tr=http://www.todotorrents.com:2710/announce&tr=http://cpleft.com:2710/announce&tr=udp://fr33dom.h33t.com:3310/announce&tr=udp://tracker.istole.it:80/announce&tr=udp://tracker.istole.it:80&tr=udp://ipv4.tracker.harry.lu:80/announce&tr=udp://11.rarbg.com/announce&tr=udp://tracker.openbittorrent.com:80&tr=udp://tracker.openbittorrent.com:80/announce&tr=udp://11.rarbg.com:80/announce&tr=udp://10.rarbg.com/announce&tr=http://tracker.ex.ua/announce&tr=http://exodus.desync.com:6969/announce&tr=udp://9.rarbg.com:2710/announce&tr=http://exodus.desync.com/announce&tr=udp://tracker.publicbt.com:80/announce&tr=udp://fr33domtracker.h33t.com:3310/announce&tr=udp://crazy-torrent.com:80/announce&tr=http://inferno.demonoid.ph:3389/announce"
    },
    {
      "artID": "a0964b0b",
      "torrents": "magnet:?xt=urn:btih:db4e288522ef9eb77ee3a2b5d4d457fffc004f48&dn=Crashday.Redline.Edition.MULTI-TiNYiSO.WwW.GamesTorrents.CoM&tr=udp%3A%2F%2Ftracker.openbittorrent.com%3A80%2Fannounce&tr=udp%3A%2F%2Ftracker.publicbt.com%3A80%2Fannounce&tr=wss%3A%2F%2Ftracker.btorrent.xyz&tr=wss%3A%2F%2Ftracker.openwebtorrent.com"
    },
    {
      "artID": "d6d36e4b",
      "torrents": "magnet:?xt=urn:btih:13149564ae6deac2cc8a66d2ea37e48bdded4e0d&dn=Halo+Spartan+Assault+%5BMULTI11%5D%5BPCDVD%5D%5BCODEX%5D%5BWwW.GamesTorrents.CoM%5D&tr=http%3A%2F%2Fwww.todotorrents.com%3A2710%2Fannounce&tr=udp%3A%2F%2Ftracker.openbittorrent.com%3A80%2Fannounce&tr=udp%3A%2F%2Ftracker.publicbt.com%3A80%2Fannounce&tr=udp%3A%2F%2Ftracker.ccc.de%3A80%2Fannounce&tr=wss%3A%2F%2Ftracker.btorrent.xyz&tr=wss%3A%2F%2Ftracker.openwebtorrent.com"
    },
    {
      "artID": "d6db644b",
      "torrents": "magnet:?xt=urn:btih:1363c2e0a391bebe54b9e25e1650d3a8a04a56ad&dn=Halo&tr=http%3A%2F%2Finferno.demonoid.com%3A3389%2Fannounce&tr=wss%3A%2F%2Ftracker.btorrent.xyz&tr=wss%3A%2F%2Ftracker.openwebtorrent.com"
    },
    {
      "artID": "d6db654b",
      "torrents": "magnet:?xt=urn:btih:a93ba6477e2b96cfc0125436dea717fbf5f49d56&dn=Half.Life.2.zona-leros.net&tr=udp%3A%2F%2Ftracker.torrent.eu.org%3A451%2Fannounce&tr=http%3A%2F%2Fshare.camoe.cn%3A8080%2Fannounce&tr=http%3A%2F%2Fnyaa.tracker.wf%3A7777%2Fannounce&tr=udp%3A%2F%2Fpublic.popcorn-tracker.org%3A6969%2Fannounce&tr=http%3A%2F%2Ft.nyaatracker.com%3A80%2Fannounce&tr=udp%3A%2F%2Ftracker.doko.moe%3A6969%2Fannounce&tr=http%3A%2F%2Fasnet.pw%3A2710%2Fannounce&tr=udp%3A%2F%2Fthetracker.org%3A80%2Fannounce&tr=http%3A%2F%2Ftracker.tfile.co%3A80%2Fannounce&tr=http%3A%2F%2Fpt.lax.mx%3A80%2Fannounce&tr=udp%3A%2F%2Fsantost12.xyz%3A6969%2Fannounce&tr=https%3A%2F%2Ftracker.bt-hash.com%3A443%2Fannounce&tr=udp%3A%2F%2Fbt.xxx-tracker.com%3A2710%2Fannounce&tr=udp%3A%2F%2Ftracker.vanitycore.co%3A6969%2Fannounce&tr=udp%3A%2F%2Fzephir.monocul.us%3A6969%2Fannounce&tr=http%3A%2F%2Fgrifon.info%3A80%2Fannounce&tr=http%3A%2F%2Fretracker.spark-rostov.ru%3A80%2Fannounce&tr=http%3A%2F%2Ftr.kxmp.cf%3A80%2Fannounce&tr=http%3A%2F%2Ftracker.city9x.com%3A2710%2Fannounce&tr=udp%3A%2F%2Fbt.aoeex.com%3A8000%2Fannounce&tr=http%3A%2F%2Ftracker.tfile.me%3A80%2Fannounce&tr=udp%3A%2F%2Ftracker.tiny-vps.com%3A6969%2Fannounce&tr=http%3A%2F%2Fretracker.telecom.by%3A80%2Fannounce&tr=http%3A%2F%2Ftracker.electro-torrent.pl%3A80%2Fannounce&tr=udp%3A%2F%2Ftracker.tvunderground.org.ru%3A3218%2Fannounce&tr=udp%3A%2F%2Ftracker.halfchub.club%3A6969%2Fannounce&tr=udp%3A%2F%2Fretracker.nts.su%3A2710%2Fannounce&tr=udp%3A%2F%2Fwambo.club%3A1337%2Fannounce&tr=udp%3A%2F%2Ftracker.dutchtracking.com%3A6969%2Fannounce&tr=udp%3A%2F%2Ftc.animereactor.ru%3A8082%2Fannounce&tr=udp%3A%2F%2Ftracker.justseed.it%3A1337%2Fannounce&tr=udp%3A%2F%2Ftracker.leechers-paradise.org%3A6969%2Fannounce&tr=udp%3A%2F%2Ftracker.opentrackr.org%3A1337%2Fannounce&tr=https%3A%2F%2Fopen.kickasstracker.com%3A443%2Fannounce&tr=udp%3A%2F%2Ftracker.coppersurfer.tk%3A6969%2Fannounce&tr=udp%3A%2F%2Fopen.stealth.si%3A80%2Fannounce&tr=http%3A%2F%2Fretracker.mgts.by%3A80%2Fannounce&tr=http%3A%2F%2Fretracker.bashtel.ru%3A80%2Fannounce&tr=udp%3A%2F%2Finferno.demonoid.pw%3A3418%2Fannounce&tr=udp%3A%2F%2Ftracker.cypherpunks.ru%3A6969%2Fannounce&tr=udp%3A%2F%2Ftracker.cyberia.is%3A6969%2Fannounce&tr=http%3A%2F%2Ftracker.devil-torrents.pl%3A80%2Fannounce&tr=udp%3A%2F%2Ftracker2.christianbro.pw%3A6969%2Fannounce&tr=udp%3A%2F%2Fretracker.lanta-net.ru%3A2710%2Fannounce&tr=udp%3A%2F%2Ftracker.internetwarriors.net%3A1337%2Fannounce&tr=udp%3A%2F%2Fulfbrueggemann.no-ip.org%3A6969%2Fannounce&tr=http%3A%2F%2Ftorrentsmd.eu%3A8080%2Fannounce&tr=udp%3A%2F%2Fpeerfect.org%3A6969%2Fannounce&tr=udp%3A%2F%2Ftracker.swateam.org.uk%3A2710%2Fannounce&tr=http%3A%2F%2Fns349743.ip-91-121-106.eu%3A80%2Fannounce&tr=http%3A%2F%2Ftorrentsmd.me%3A8080%2Fannounce&tr=http%3A%2F%2Fagusiq-torrents.pl%3A6969%2Fannounce&tr=http%3A%2F%2Ffxtt.ru%3A80%2Fannounce&tr=udp%3A%2F%2Fexplodie.org%3A6969&tr=wss%3A%2F%2Ftracker.btorrent.xyz&tr=wss%3A%2F%2Ftracker.openwebtorrent.com"
    },
    {
      "artID": "d6db3e4b",
      "torrents": "magnet:?xt=urn:btih:e414a6113ff419b4a986aa218c6a29e176097280&dn=Far.Cry.3.Complete.Collection.MULTI-ELAMIGOS.WwW.GamesTorrents.CoM&tr=udp://tracker.openbittorrent.com:80/announce&tr=udp://tracker.publicbt.com:80/announce"
    },
    {
      "artID": "a62adac5-c7a3",
      "torrents": "magnet:?xt=urn:btih:a584580e8499729ba40bdefa420792cc162acf95&dn=Half-Life 2 The Orange Box [Spanish][PCDVD][WwW.GamesTorrents.CoM]&tr=http://www.todotorrents.com:2710/announce&tr=http://tracker.thepiratebay.org/announce&tr=udp://tracker.thepiratebay.org:80/announce"
    },
    {
      "artID": "771ce3eb-78fe",
      "torrents": "magnet:?xt=urn:btih:a4dcd316dec5fcff2976df8bd32b804747fac5e2&dn=Spelldrifter-CODEX&tr=http://tracker.trackerfix.com:80/announce&tr=udp://9.rarbg.me:2910/announce&tr=udp://9.rarbg.to:2990/announce&tr=udp://tracker.tallpenguin.org:15770/announce&tr=udp://tracker.thinelephant.org:12790/announce"
    },
    {
      "artID": "3a39173b-bc32",
      "torrents": "magnet:?xt=urn:btih:1e00060ad8b61a22241d25d4072ab345135673f2&dn=Anima_The_Reign_of_Darkness-FLT&tr=http://tracker.trackerfix.com:80/announce&tr=udp://9.rarbg.me:2990/announce&tr=udp://9.rarbg.to:2830/announce&tr=udp://tracker.fatkhoala.org:13790/announce&tr=udp://tracker.tallpenguin.org:15720/announce"
    },
    {
      "artID": "91ce605d-90b6",
      "torrents": "magnet:?xt=urn:btih:270a0eb0dfc5468d25a96f2cc410cfba50bdf89d&dn=Nanotale_Typing_Chronicles_v1.0h-DINOByTES&tr=http://tracker.trackerfix.com:80/announce&tr=udp://9.rarbg.me:2980/announce&tr=udp://9.rarbg.to:2960/announce&tr=udp://tracker.tallpenguin.org:15740/announce&tr=udp://tracker.thinelephant.org:12760/announce"
    },
    {
      "artID": "ff9e2d2d-a4da",
      "torrents": "magnet:?xt=urn:btih:69347eedeab463a2635b550325b727fa986d67da&dn=Dragon.Ball.Z.Kakarot.Trunks.The.Warrior.of.Hope-CODEX&tr=http://tracker.trackerfix.com:80/announce&tr=udp://9.rarbg.me:2830/announce&tr=udp://9.rarbg.to:2810/announce&tr=udp://tracker.thinelephant.org:12780/announce&tr=udp://tracker.fatkhoala.org:13790/announce"
    },
    {
      "artID": "193c4241-e124",
      "torrents": "magnet:?xt=urn:btih:44e8edbfe8f9eeee269a4cb3ea094531a2509006&dn=Brothers A Tale of Two Sons&tr=http://explodie.org:6969/announce&tr=http://tracker.opentrackr.org:1337/announce&tr=http://tracker.skyts.net:6969/announce&tr=http://tracker2.itzmx.com:6961/announce&tr=https://tracker.foreverpirates.co:443/announce&tr=http://tracker.files.fm:6969/announce&tr=http://h4.trakx.nibba.trade:80/announce&tr=https://tracker.tamersunion.org:443/announce&tr=https://trakx.herokuapp.com:443/announce&tr=http://tracker.anonwebz.xyz:8080/announce&tr=https://w.wwwww.wtf:443/announce&tr=http://tracker3.itzmx.com:6961/announce"
    },
    {
      "artID": "680c326b-63dd",
      "torrents": "magnet:?xt=urn:btih:1e389eaf891d209f77671dabbb6fc88ba594441a&dn=Final Fantasy IV Complete Collection (build 05.11.2020) ElAmigos&tr=udp://shubt.net:2710&tr=http://retracker.local/announce&tr=http://tracker.filetracker.pl:8089/announce&tr=http://tracker2.wasabii.com.tw:6969/announce&tr=http://tracker.grepler.com:6969/announce&tr=http://tracker.tiny-vps.com:6969/announce&tr=udp://46.148.18.250:2710&tr=http://tracker.dler.org:6969/announce&tr=udp://[2001:67c:28f8:92::1111:1]:2710&tr=udp://ipv6.leechers-paradise.org:6969&tr=http://9.rarbg.com:2710/announce&tr=http://explodie.org:6969/announce&tr=http://mgtracker.org:2710/announce&tr=http://tracker.tfile.me/announce&tr=http://tracker.torrenty.org:6969/announce&tr=http://tracker.trackerfix.com/announce&tr=http://www.mvgroup.org:2710/announce&tr=udp://9.rarbg.com:2710/announce&tr=udp://9.rarbg.me:2710/announce&tr=udp://9.rarbg.to:2710/announce&tr=udp://coppersurfer.tk:6969/announce&tr=udp://exodus.desync.com:6969/announce&tr=udp://glotorrents.pw:6969/announce&tr=udp://open.demonii.com:1337/announce&tr=udp://tracker.coppersurfer.tk:6969/announce&tr=udp://tracker.glotorrents.com:6969/announce&tr=udp://tracker.leechers-paradise.org:6969/announce&tr=udp://tracker.openbittorrent.com:80/announce&tr=udp://tracker.opentrackr.org:1337/announce&tr=udp://tracker.publicbt.com:80/announce&tr=udp://tracker4.piratux.com:6969/announce&tr=udp://public.popcorn-tracker.org:6969/announce&tr=http://182.176.139.129:6969/announce&tr=http://91.218.230.81:6969/announce&tr=udp://tracker.ilibr.org:80/announce&tr=http://p4p.arenabg.ch:1337/announce&tr=http://pow7.com:80/announce&tr=http://retracker.krs-ix.ru:80/announce&tr=http://secure.pow7.com/announce&tr=http://t1.pow7.com/announce&tr=http://t2.pow7.com/announce&tr=http://thetracker.org:80/announce&tr=http://torrentsmd.com:8080/announce&tr=http://tracker.bittor.pw:1337/announce&tr=http://tracker.dutchtracking.com:80/announce&tr=http://tracker.dutchtracking.nl:80/announce&tr=http://tracker.edoardocolombo.eu:6969/announce&tr=http://tracker.ex.ua:80/announce&tr=http://tracker.kicks-ass.net:80/announce&tr=http://tracker1.wasabii.com.tw:6969/announce&tr=http://tracker2.itzmx.com:6961/announce&tr=http://www.wareztorrent.com:80/announce&tr=udp://62.138.0.158:6969/announce&tr=udp://eddie4.nl:6969/announce&tr=udp://explodie.org:6969/announce&tr=udp://shadowshq.eddie4.nl:6969/announce&tr=udp://shadowshq.yi.org:6969/announce&tr=udp://tracker.eddie4.nl:6969/announce&tr=udp://tracker.mg64.net:2710/announce&tr=udp://tracker.sktorrent.net:6969&tr=udp://tracker2.indowebster.com:6969/announce&tr=http://tracker.dutchtracking.com/announce&tr=http://tracker.mg64.net:6881/announce&tr=udp://bt.xxx-tracker.com:2710/announce&tr=udp://tracker.mg64.net:6969/announce&tr=http://tracker.opentrackr.org:1337/announce&tr=udp://zer0day.ch:1337/announce&tr=udp://zer0day.to:1337/announce&tr=udp://9.rarbg.me:2780/announce&tr=udp://9.rarbg.to:2730/announce&tr=udp://p4p.arenabg.com:1337/announce&tr=udp://tracker.sktorrent.net:6969/announce&tr=http://p4p.arenabg.com:1337/announce&tr=udp://tracker.aletorrenty.pl:2710/announce&tr=http://tracker.aletorrenty.pl:2710/announce&tr=http://tracker.bittorrent.am/announce&tr=udp://tracker.kicks-ass.net:80/announce&tr=http://tracker.kicks-ass.net/announce&tr=http://tracker.baravik.org:6970/announce&tr=udp://torrent.gresille.org:80/announce&tr=http://torrent.gresille.org/announce&tr=http://tracker.skyts.net:6969/announce&tr=http://tracker.internetwarriors.net:1337/announce&tr=udp://tracker.skyts.net:6969/announce&tr=http://tracker.dutchtracking.nl/announce&tr=udp://tracker.yoshi210.com:6969/announce&tr=udp://tracker.tiny-vps.com:6969/announce&tr=udp://tracker.internetwarriors.net:1337/announce&tr=http://tracker.yoshi210.com:6969/announce&tr=udp://tracker.filetracker.pl:8089/announce&tr=udp://tracker.ex.ua:80/announce&tr=udp://91.218.230.81:6969/announce&tr=https://www.wareztorrent.com/announce&tr=http://www.wareztorrent.com/announce&tr=http://tracker.ex.ua/announce&tr=http://tracker.calculate.ru:6969/announce&tr=udp://tracker.grepler.com:6969/announce&tr=udp://tracker.flashtorrents.org:6969/announce&tr=udp://tracker.bittor.pw:1337/announce&tr=http://tracker.tvunderground.org.ru:3218/announce&tr=http://tracker.flashtorrents.org:6969/announce&tr=http://retracker.gorcomnet.ru/announce&tr=udp://tracker.kuroy.me:5944/announce&tr=udp://182.176.139.129:6969/announce&tr=http://tracker.kuroy.me:5944/announce&tr=http://retracker.krs-ix.ru/announce&tr=udp://open.stealth.si:80/announce&tr=udp://208.67.16.113:8000/announce&tr=udp://213.163.67.56:1337/announce&tr=http://173.254.204.71:1096/announce&tr=udp://195.123.209.40:80/announce&tr=udp://62.212.85.66:2710/announce&tr=udp://tracker.piratepublic.com:1337/announce"
    }
  ],
  "usuarios": [],
  "favoritos": [],
  "teams": [],
  "gngames": [
    "arcade",
    "accion",
    "aventura",
    "aventura grafica",
    "conduccion",
    "cooperativo",
    "casual",
    "disparos",
    "disparos en primera persona",
    "disparos en tercera persona",
    "estrategia",
    "erotico",
    "horror",
    "indie",
    "misterio",
    "multijugador",
    "shooter",
    "simulador",
    "survival",
    "pelicula interactiva",
    "point and click",
    "plataformas"
  ],
  "gnprograms": [],
  "default": {}
}